1, 326.408
1,  694.553
1,  1369.99
1,  3914.43
1,  13933.1
1,  36788.3
1,  40036
1,  33.2734
1,  1453.44
1,  46.3174
1,  188.607
1,  24.1999
1,  38.4073
1,  4775.48
1,  17306.2
1,  27037.3
1,  2023.12
1,  36.7094
1,  620.695
1,  73.83
1,  170.571
1,  0.791976
1,  55.8123
1,  63.7663
1,  4482.66
1,  10173.1
1,  2.60616
1,  3.01746
1,  2.39642
1,  64.4009
1,  347.676
1,  396.79
1,  0.0968307
1,  69.464
1,  5989.96
1,  30566.9
1,  206.915
1,  389.976
1,  4.22053
1,  242.385
1,  914.327
1,  396.83
1,  675.284
1,  739.675
1,  765.034
1,  941.653
1,  1298.38
1,  1308.15
1,  1486.33
1,  2159.52
2, 3.51938
2,  58.023
2,  901.006
2,  1369.99
2,  13933.1
2,  17332
2,  26.1218
2,  2.39642
2,  55.8123
2,  36.7094
2,  6.14202
2,  67.7097
2,  467.368
2,  4775.48
2,  27037.3
2,  95.4943
2,  108.072
2,  33.2734
2,  73.83
2,  242.385
2,  0.791976
2,  39.7191
2,  2.60616
2,  3.01746
2,  12.4231
2,  63.7663
2,  22.5388
2,  2.82901
2,  0.153872
2,  63.4592
2,  92.0825
2,  29.4766
2,  0.0968307
2,  4.22053
2,  69.464
2,  4374.33
2,  685.317
2,  13.7633
2,  64.4009
2,  46.3174
2,  326.408
2,  10.7384
2,  205.248
2,  93.3703
2,  120.286
2,  150.362
2,  396.83
2,  581.691
2,  389.976
2,  1470.54
3, 3.51938
3,  5.78362
3,  26.1218
3,  36.7094
3,  820.605
3,  901.006
3,  226.794
3,  30.8659
3,  22.5388
3,  1.30398
3,  3.88063
3,  9.27862
3,  6.31715
3,  54.7255
3,  108.072
3,  467.368
3,  601.836
3,  13.7633
3,  53.3652
3,  55.8123
3,  0.791976
3,  1.42997
3,  0.38928
3,  2.60616
3,  3.01746
3,  12.4231
3,  0.521524
3,  63.4592
3,  1.5867
3,  2.39642
3,  2.35463
3,  9.00533
3,  0.0968307
3,  4.22053
3,  69.464
3,  500.229
3,  650.102
3,  0.153872
3,  22.6144
3,  22.9753
3,  49.2164
3,  21.1869
3,  10.7384
3,  27.6828
3,  35.5897
3,  38.408
3,  41.8489
3,  58.023
3,  63.7663
3,  64.4009
4, 3.51938
4,  5.78362
4,  1.30398
4,  22.5388
4,  30.8659
4,  674.034
4,  9787.66
4,  8.62253
4,  0.38928
4,  6.31715
4,  3.88063
4,  6.18644
4,  13.7633
4,  53.3652
4,  320.33
4,  467.368
4,  106.682
4,  0.521524
4,  0.0968307
4,  1.5867
4,  0.791976
4,  0.645462
4,  2.39642
4,  2.60616
4,  63.4592
4,  0.695476
4,  77.3006
4,  7.98096
4,  0.153872
4,  3.01746
4,  1.42997
4,  3.34107
4,  0.679178
4,  4.22053
4,  22.6144
4,  69.464
4,  16.9177
4,  12.4231
4,  2.85712
4,  1.70631
4,  1.67131
4,  9.27862
4,  10.3049
4,  10.7384
4,  11.5704
4,  18.6383
4,  27.6828
4,  35.5897
4,  22.9753
4,  26.1218
5, 3.51938
5,  5.78362
5,  0.452938
5,  1.30398
5,  6.31715
5,  30.8659
5,  2409.29
5,  3.01746
5,  1.07288
5,  0.38928
5,  3.88063
5,  6.18644
5,  0.0968307
5,  1.5867
5,  467.368
5,  209.081
5,  75.0052
5,  8.62253
5,  7.1804
5,  6.64055
5,  0.645462
5,  0.791976
5,  0.293295
5,  0.695476
5,  2.39642
5,  77.3006
5,  194.18
5,  1.70631
5,  0.521524
5,  2.60616
5,  1.42997
5,  1.67131
5,  2.85712
5,  4.22053
5,  9.01893
5,  16.9177
5,  3880
5,  0.570294
5,  0.153872
5,  11.3689
5,  3.34107
5,  6.63427
5,  9.27862
5,  10.3049
5,  10.7384
5,  11.5704
5,  12.0567
5,  18.6383
5,  12.4231
5,  22.5388
6, 0.00658892
6,  3.05245
6,  1.07288
6,  3.01746
6,  6.31715
6,  30.8659
6,  61.9456
6,  1.30398
6,  9.78555
6,  2.60616
6,  0.779829
6,  1.19954
6,  0.0968307
6,  1.5867
6,  8.62253
6,  30.9345
6,  2.44143
6,  3.3124
6,  0.452938
6,  7.1804
6,  0.404095
6,  0.791976
6,  0.521524
6,  0.695476
6,  1.70631
6,  2.39642
6,  0.242588
6,  6.64055
6,  0.293295
6,  4.22053
6,  1.42997
6,  1.67131
6,  0.153872
6,  0.570294
6,  2.85712
6,  9.01893
6,  82.4023
6,  0.38928
6,  4.07721
6,  2.55221
6,  1.00903
6,  3.51938
6,  3.34107
6,  3.88063
6,  6.63427
6,  7.11305
6,  9.27862
6,  9.72445
6,  11.3689
6,  22.5388
7, 0.00658892
7,  2.35446
7,  1.07288
7,  1.30398
7,  3.01746
7,  30.8659
7,  188.59
7,  6.64055
7,  5.19744
7,  6.31715
7,  0.636311
7,  1.00903
7,  0.0968307
7,  2.44143
7,  3.3124
7,  8.62253
7,  361.981
7,  0.327796
7,  2.60616
7,  4.07721
7,  0.237217
7,  0.791976
7,  0.242588
7,  0.293295
7,  0.695476
7,  2.39642
7,  207.47
7,  1.5867
7,  1.70631
7,  2.85712
7,  1.42997
7,  1.67131
7,  0.38928
7,  0.570294
7,  2.55221
7,  9.01893
7,  40.3292
7,  0.153872
7,  4.22053
7,  0.521524
7,  1.19954
7,  3.05245
7,  3.34107
7,  3.51938
7,  3.88063
7,  6.63427
7,  7.11305
7,  9.27862
7,  7.1804
7,  9.78555
8, 0.00658892
8,  0.559544
8,  3.01746
8,  5.76775
8,  30.8659
8,  2102.56
8,  595.511
8,  0.153872
8,  1.30398
8,  1.07288
8,  0.636311
8,  1.00903
8,  0.0968307
8,  3.3124
8,  4.07721
8,  8.62253
8,  234.284
8,  1.70631
8,  2.55221
8,  0.327796
8,  0.207967
8,  0.791976
8,  0.242588
8,  0.293295
8,  1.5867
8,  2.39642
8,  2.85712
8,  5.19744
8,  5.55105
8,  0.521524
8,  1.19954
8,  1.67131
8,  0.38928
8,  0.570294
8,  4.22053
8,  9.01893
8,  40.3292
8,  2.44143
8,  2.60616
8,  0.695476
8,  2.35446
8,  1.42997
8,  3.05245
8,  3.34107
8,  3.51938
8,  3.875
8,  3.88063
8,  5.73811
8,  6.31715
8,  6.64055
9, 0.00658892
9,  0.559544
9,  1.30398
9,  3.01746
9,  5.76775
9,  595.511
9,  2102.56
9,  0.0968307
9,  0.38928
9,  0.94579
9,  0.636311
9,  1.00903
9,  0.327796
9,  1.70631
9,  2.55221
9,  234.284
9,  22.1144
9,  2.85712
9,  0.242588
9,  2.60616
9,  0.207967
9,  0.791976
9,  0.521524
9,  1.5867
9,  2.39642
9,  5.55105
9,  94.9552
9,  3.47757
9,  3.3124
9,  0.695476
9,  1.19954
9,  1.42997
9,  0.570294
9,  2.44143
9,  4.22053
9,  9.01893
9,  40.3292
9,  1.07288
9,  0.153872
9,  0.293295
9,  1.67131
9,  1.88255
9,  2.35446
9,  3.05245
9,  3.34107
9,  3.51938
9,  3.875
9,  3.88063
9,  4.07721
9,  5.19744
10, 0.00658892
10,  0.175564
10,  0.0968307
10,  0.94579
10,  5.76775
10,  595.511
10,  2102.56
10,  1.30398
10,  2.60616
10,  1.47254
10,  0.635803
10,  0.636311
10,  0.327796
10,  0.367811
10,  1.70631
10,  2.55221
10,  2.85712
10,  0.293295
10,  0.242588
10,  4.07721
10,  0.207967
10,  0.791976
10,  0.695476
10,  1.5867
10,  3.3124
10,  3.47757
10,  94.9552
10,  0.153872
10,  2.39642
10,  4.22053
10,  1.19954
10,  1.42997
10,  0.570294
10,  1.07288
10,  2.44143
10,  9.01893
10,  74.7544
10,  3.01746
10,  0.38928
10,  0.521524
10,  1.36343
10,  1.67131
10,  1.88255
10,  2.35446
10,  3.05245
10,  3.34107
10,  3.51938
10,  3.875
10,  5.19744
10,  5.55105
11, 0.00658892
11,  0.0850596
11,  0.0968307
11,  0.94579
11,  5.76775
11,  595.511
11,  0.641354
11,  1.47254
11,  1.86834
11,  0.156282
11,  0.635803
11,  0.492909
11,  0.242588
11,  0.293295
11,  0.327796
11,  0.367811
11,  2.55221
11,  1.07288
11,  1.70631
11,  0.153872
11,  0.207967
11,  0.237959
11,  0.695476
11,  1.35285
11,  3.3124
11,  94.9552
11,  3099.36
11,  1.30398
11,  2.60616
11,  0.521524
11,  0.636311
11,  1.14822
11,  0.570294
11,  2.44143
11,  3.01746
11,  9.01893
11,  74.7544
11,  1.5867
11,  2.39642
11,  0.38928
11,  1.19954
11,  0.889351
11,  1.26278
11,  1.36343
11,  1.67131
11,  1.88255
11,  2.35446
11,  3.05245
11,  2.85712
11,  3.4216
12, 0.00658892
12,  0.0850596
12,  0.156282
12,  0.641354
12,  1.47254
12,  31778.1
12,  22.7179
12,  3.3124
12,  0.695476
12,  0.94579
12,  0.492909
12,  0.635803
12,  0.242588
12,  0.293295
12,  0.327796
12,  0.367811
12,  1.07288
12,  0.153872
12,  0.0968307
12,  1.36575
12,  0.207967
12,  0.237959
12,  0.521524
12,  1.30398
12,  1.35285
12,  2.60616
12,  94.9552
12,  3.4216
12,  2.85712
12,  2.55221
12,  0.636311
12,  0.889351
12,  0.38928
12,  1.5867
12,  2.39642
12,  3.01746
12,  9.01893
12,  2.44143
12,  1.70631
12,  0.570294
12,  1.14822
12,  1.19954
12,  1.26278
12,  1.36343
12,  1.67131
12,  1.88255
12,  2.35446
12,  3.05245
12,  5.76775
12,  28.4679
13, 0.00467982
13,  0.00658892
13,  0.641354
13,  0.94579
13,  1.47254
13,  28842.5
13,  4.14162
13,  0.242588
13,  1.35285
13,  0.293295
13,  0.047377
13,  0.31588
13,  0.153872
13,  0.180636
13,  1.36575
13,  63.7156
13,  1.84251
13,  0.695476
13,  0.327796
13,  1.18291
13,  0.207967
13,  0.237959
13,  2.55221
13,  2.60616
13,  3.4216
13,  94.9552
13,  438.286
13,  1.07288
13,  0.0968307
13,  1.30398
13,  0.636311
13,  0.889351
13,  0.570294
13,  2.44143
13,  3.01746
13,  8.37247
13,  40.1296
13,  0.156282
13,  0.38928
13,  0.521524
13,  0.0778776
13,  1.14822
13,  1.19679
13,  1.19954
13,  1.36343
13,  1.67131
13,  1.88255
13,  2.35446
13,  1.5867
13,  1.70631
14, 0.00467982
14,  0.0064555
14,  0.641354
14,  0.94579
14,  1.05616
14,  1.35285
14,  4.14162
14,  0.153872
14,  1.36575
14,  1.07288
14,  0.047377
14,  0.247045
14,  0.327796
14,  0.52265
14,  1.84251
14,  63.7156
14,  836.009
14,  0.293295
14,  1.4914
14,  0.180636
14,  0.207967
14,  0.237959
14,  0.0968307
14,  1.30398
14,  2.55221
14,  94.9552
14,  3673.92
14,  1.70631
14,  0.209002
14,  1.5867
14,  0.265726
14,  0.745184
14,  0.156282
14,  0.521524
14,  0.570294
14,  3.01746
14,  13.7575
14,  0.242588
14,  1.18291
14,  0.38928
14,  0.0778776
14,  0.31588
14,  1.0942
14,  1.14822
14,  1.19679
14,  1.19954
14,  1.36343
14,  1.67131
14,  2.44143
14,  2.60616
15, 0.00467118
15,  0.00467982
15,  0.153872
15,  0.641354
15,  1.36575
15,  4.14162
15,  0.114834
15,  0.52265
15,  0.175885
15,  1.05382
15,  0.0087902
15,  0.0778776
15,  0.180636
15,  1.84251
15,  63.7156
15,  836.009
15,  2.40988
15,  0.521524
15,  0.327796
15,  1.07288
15,  0.140604
15,  0.237959
15,  0.0968307
15,  1.30398
15,  94.9552
15,  3673.92
15,  6109.95
15,  1.18291
15,  0.293295
15,  1.35285
15,  0.265726
15,  0.745184
15,  0.156282
15,  0.242588
15,  0.38928
15,  0.570294
15,  3.01746
15,  0.94579
15,  1.05616
15,  0.209002
15,  0.247045
15,  0.207967
15,  0.31588
15,  1.0942
15,  1.11118
15,  1.14822
15,  1.19679
15,  1.19954
15,  1.4914
15,  1.5867
16, 0.00467118
16,  0.00467982
16,  0.114834
16,  0.153872
16,  0.52265
16,  183.426
16,  142.048
16,  0.327796
16,  1.07288
16,  0.175885
16,  0.0087902
16,  0.0778776
16,  0.180636
16,  0.521524
16,  2.40988
16,  63.7156
16,  6693.17
16,  1.18291
16,  1.36575
16,  1.05382
16,  0.140604
16,  0.237959
16,  0.0968307
16,  0.293295
16,  1.30398
16,  3.44584
16,  94.9552
16,  0.641354
16,  1.35285
16,  1.4914
16,  0.207967
16,  0.31588
16,  0.209002
16,  0.242588
16,  0.570294
16,  0.94579
16,  1.05616
16,  0.38928
16,  0.156282
16,  1.5867
16,  0.265726
16,  0.247045
16,  0.745184
16,  1.0942
16,  1.11118
16,  1.14822
16,  1.19679
16,  1.19954
16,  1.84251
16,  3.01746
17, 0.00467118
17,  0.00467982
17,  0.153872
17,  0.175885
17,  0.52265
17,  1.07288
17,  681.153
17,  0.242588
17,  1.30398
17,  1.84251
17,  0.0087902
17,  0.0778776
17,  0.180636
17,  0.521524
17,  1.18291
17,  1.36575
17,  763.216
17,  1.5867
17,  1.05382
17,  0.94579
17,  0.0321125
17,  0.125406
17,  0.293295
17,  1.35285
17,  1.4914
17,  3.44584
17,  765.404
17,  0.38928
17,  0.641354
17,  0.0256851
17,  0.207967
17,  0.243799
17,  0.156282
17,  0.209002
17,  0.570294
17,  1.05616
17,  0.238408
17,  0.0968307
17,  0.327796
17,  0.114834
17,  0.140604
17,  0.247045
17,  0.265726
17,  0.31588
17,  0.745184
17,  1.0942
17,  1.11118
17,  1.14822
17,  2.40988
17,  3.01746
18, 0.00467118
18,  0.00467173
18,  0.175885
18,  0.242588
18,  0.52265
18,  1.30398
18,  1.84251
18,  0.238408
18,  0.0256851
18,  1.07288
18,  0.0087902
18,  0.0778776
18,  0.94579
18,  1.05382
18,  1.18291
18,  1.5867
18,  763.216
18,  0.180636
18,  0.114834
18,  0.521524
18,  0.0235467
18,  0.0766468
18,  0.38928
18,  1.35285
18,  1.4914
18,  3.44584
18,  765.404
18,  0.293295
18,  0.641354
18,  0.153872
18,  0.168082
18,  0.243799
18,  0.0968307
18,  0.156282
18,  0.327796
18,  1.05616
18,  80.5985
18,  0.114611
18,  0.209002
18,  0.570294
18,  0.140604
18,  0.247045
18,  0.265726
18,  0.31588
18,  0.745184
18,  1.0942
18,  1.11118
18,  1.14822
18,  1.36575
18,  2.40988
19, 0.00467118
19,  0.00467173
19,  0.242588
19,  1.07288
19,  1.30398
19,  1.84251
19,  7.37687
19,  0.114611
19,  0.0256851
19,  0.180636
19,  0.0087902
19,  0.0778776
19,  0.114834
19,  0.94579
19,  1.18291
19,  19.1814
19,  10.5724
19,  0.570294
19,  0.0267841
19,  0.190338
19,  0.0235467
19,  0.000823047
19,  0.153872
19,  0.293295
19,  0.836791
19,  3.44584
19,  30.952
19,  0.327796
19,  0.38928
19,  0.521524
19,  0.140604
19,  0.229486
19,  0.0968307
19,  0.156282
19,  0.209002
19,  1.05616
19,  80.5985
19,  0.175885
19,  0.52265
19,  0.238408
19,  0.0766468
19,  0.156576
19,  0.247045
19,  0.265726
19,  0.31588
19,  0.745184
19,  1.0942
19,  1.11118
19,  1.05382
19,  1.35285
20, 0.00467118
20,  0.00467173
20,  0.114611
20,  0.180636
20,  0.242588
20,  1.07288
20,  7.37687
20,  0.114834
20,  1.11112
20,  1.05382
20,  0.0087902
20,  0.0116403
20,  0.94579
20,  1.18291
20,  10.5724
20,  19.1814
20,  0.0115756
20,  0.190338
20,  0.570294
20,  0.153872
20,  0.000823047
20,  0.0235467
20,  0.327796
20,  0.38928
20,  0.521524
20,  0.836791
20,  24.0642
20,  0.0117754
20,  0.156282
20,  0.293295
20,  0.0778776
20,  0.156576
20,  0.175885
20,  0.238408
20,  0.52265
20,  1.05616
20,  1.41296
20,  0.209002
20,  0.0968307
20,  0.0256851
20,  0.0766468
20,  0.140604
20,  0.229486
20,  0.247045
20,  0.265726
20,  0.31588
20,  0.745184
20,  1.0942
20,  1.30398
20,  1.35285
21, 0.00467118
21,  0.00467173
21,  0.114611
21,  0.114834
21,  1.05382
21,  10.4099
21,  231.76
21,  1.07288
21,  0.0968307
21,  0.156282
21,  0.0087902
21,  0.0116403
21,  0.0115756
21,  0.190338
21,  0.570294
21,  19.1814
21,  801.883
21,  0.293295
21,  0.153872
21,  0.94579
21,  0.000823047
21,  0.0235467
21,  0.0117754
21,  0.38928
21,  0.521524
21,  1161.36
21,  18.9919
21,  0.242588
21,  1.05616
21,  0.836791
21,  0.0778776
21,  0.156576
21,  0.0256851
21,  0.175885
21,  0.209002
21,  0.238408
21,  0.52265
21,  0.327796
21,  1.11112
21,  0.180636
21,  0.0766468
21,  0.140604
21,  0.229486
21,  0.247045
21,  0.265726
21,  0.31588
21,  0.745184
21,  1.0942
21,  1.18291
21,  1.30398
22, 0.00467118
22,  0.00467173
22,  0.114611
22,  0.114834
22,  0.156282
22,  1.05382
22,  620.041
22,  0.209002
22,  0.293295
22,  0.238408
22,  0.0087902
22,  0.0116403
22,  0.153872
22,  0.190338
22,  0.570294
22,  5.67448
22,  19.1814
22,  0.0115756
22,  0.0968307
22,  0.242588
22,  0.000823047
22,  0.0235467
22,  0.0117754
22,  0.38928
22,  0.836791
22,  18.9919
22,  98.9653
22,  1.07288
22,  0.521524
22,  0.0834103
22,  0.0766468
22,  0.0932269
22,  0.175885
22,  0.180636
22,  0.327796
22,  0.52265
22,  1.11112
22,  0.0256851
22,  0.94579
22,  1.05616
22,  0.0778776
22,  0.140604
22,  0.156576
22,  0.229486
22,  0.247045
22,  0.265726
22,  0.31588
22,  0.745184
22,  1.18291
22,  1.30398
23, 0.00467118
23,  0.00467173
23,  0.114611
23,  0.209002
23,  0.238408
23,  84.6633
23,  117.62
23,  0.0115756
23,  0.0968307
23,  0.327796
23,  0.0087902
23,  0.0116403
23,  0.153872
23,  0.190338
23,  0.570294
23,  4.79958
23,  0.264938
23,  0.293295
23,  0.114834
23,  0.242588
23,  0.000823047
23,  0.00467047
23,  0.0834103
23,  0.38928
23,  0.836791
23,  1.07288
23,  228.171
23,  1.05382
23,  0.94579
23,  0.0117754
23,  0.0766468
23,  0.0851694
23,  0.175885
23,  0.180636
23,  0.52265
23,  1.11112
23,  6.35168
23,  0.521524
23,  0.0256851
23,  0.156282
23,  0.0778776
23,  0.140604
23,  0.156576
23,  0.222804
23,  0.229486
23,  0.247045
23,  0.265726
23,  0.31588
23,  1.05616
23,  1.18291
24, 0.00467118
24,  0.00467173
24,  0.0115756
24,  0.114611
24,  84.6633
24,  8907.25
24,  7180.67
24,  0.0117754
24,  0.067477
24,  0.156282
24,  0.0087902
24,  0.0116403
24,  0.114834
24,  0.242588
24,  0.264938
24,  4.79958
24,  1.94935
24,  0.209002
24,  0.153872
24,  0.293295
24,  0.000807802
24,  0.00467047
24,  0.38928
24,  0.94579
24,  1.07288
24,  228.171
24,  4059.89
24,  0.521524
24,  0.0968307
24,  0.327796
24,  0.0766468
24,  0.0851694
24,  0.0256851
24,  0.175885
24,  0.180636
24,  10.5872
24,  0.22266
24,  0.238408
24,  0.52265
24,  0.190338
24,  0.0778776
24,  0.140604
24,  0.156576
24,  0.212477
24,  0.222804
24,  0.229486
24,  0.247045
24,  0.265726
24,  0.570294
24,  0.836791
25, 0.00464283
25,  0.00467118
25,  0.0115756
25,  0.0117754
25,  0.067477
25,  47.2346
25,  6029.37
25,  0.238408
25,  0.114834
25,  0.190338
25,  0.0087902
25,  0.0116403
25,  0.153872
25,  0.242588
25,  0.264938
25,  1.94935
25,  4.79958
25,  0.0256851
25,  0.38928
25,  0.156282
25,  0.000807802
25,  0.00467047
25,  0.0968307
25,  0.521524
25,  1.07288
25,  296.939
25,  57.5494
25,  0.52265
25,  0.114611
25,  0.180636
25,  0.0157628
25,  0.0851694
25,  0.175885
25,  0.22266
25,  1.53987
25,  3.06315
25,  0.434699
25,  0.293295
25,  0.209002
25,  0.327796
25,  0.0778776
25,  0.140604
25,  0.156576
25,  0.212477
25,  0.222804
25,  0.229486
25,  0.247045
25,  0.265726
25,  0.570294
25,  0.836791
26, 0.00464283
26,  0.00467118
26,  0.0115756
26,  0.114834
26,  47.2346
26,  6029.37
26,  0.715225
26,  0.067477
26,  0.570294
26,  0.293295
26,  0.0087902
26,  0.0116403
26,  0.0256851
26,  0.156282
26,  0.242588
26,  0.264938
26,  1.94935
26,  0.0445528
26,  0.52265
26,  0.153872
26,  0.000807802
26,  0.00333796
26,  0.0968307
26,  0.114611
26,  0.521524
26,  57.5494
26,  6.51732
26,  0.836791
26,  0.175885
26,  0.238408
26,  0.00354924
26,  0.0851694
26,  0.209002
26,  0.22266
26,  0.327796
26,  0.434699
26,  1.53987
26,  0.38928
26,  0.180636
26,  0.0117754
26,  0.0778776
26,  0.140604
26,  0.156576
26,  0.212477
26,  0.222804
26,  0.229486
26,  0.247045
26,  0.265726
27, 0.00464283
27,  0.00467118
27,  0.067477
27,  0.570294
27,  6029.37
27,  5.12696
27,  404.751
27,  0.0117754
27,  0.180636
27,  0.0445528
27,  0.00357184
27,  0.0087902
27,  0.153872
27,  0.264938
27,  0.52265
27,  484.455
27,  102.427
27,  0.521524
27,  0.0256851
27,  0.22266
27,  0.000807802
27,  0.00333796
27,  0.114611
27,  0.175885
27,  0.238408
27,  6.51732
27,  1.65436
27,  0.242588
27,  0.156282
27,  0.0968307
27,  0.00354924
27,  0.0851694
27,  0.209002
27,  0.327796
27,  0.38928
27,  0.434699
27,  1.53987
27,  0.114834
27,  0.293295
27,  0.0115756
27,  0.0778776
27,  0.140604
27,  0.156576
27,  0.212477
27,  0.222804
27,  0.229486
27,  0.247045
27,  0.265726
28, 0.00349218
28,  0.00467118
28,  0.067477
28,  0.180636
28,  5.12696
28,  12.0891
28,  5.63604
28,  0.00357184
28,  0.0087902
28,  0.153872
28,  0.22266
28,  0.264938
28,  0.52265
28,  102.427
28,  0.000807802
28,  0.00333796
28,  0.175885
28,  0.238408
28,  1.65436
28,  6.51732
28,  20.4724
28,  0.00354924
28,  0.0851694
28,  0.293295
28,  0.327796
28,  0.38928
28,  0.434699
28,  10.0546
28,  0.0778776
28,  0.140604
28,  0.156576
28,  0.212477
28,  0.222804
28,  0.229486
28,  0.247045
28,  0.265726
28,  0.0115756
28,  0.0117754
29, 0.00349218
29,  0.00467118
29,  0.067477
29,  0.180636
29,  5.63604
29,  12.0891
29,  0.012936
29,  0.00357184
29,  0.0087902
29,  0.153872
29,  0.22266
29,  0.264938
29,  0.52265
29,  3019.44
29,  0.000807802
29,  0.00333796
29,  0.175885
29,  0.238408
29,  1.65436
29,  6.51732
29,  228.443
29,  0.00354924
29,  0.043316
29,  0.293295
29,  0.327796
29,  0.38928
29,  10.0546
29,  267.978
29,  0.0851694
29,  0.0778776
29,  0.140604
29,  0.156576
29,  0.212477
29,  0.222804
29,  0.229486
29,  0.247045
29,  0.0115756
29,  0.0117754
30, 0.00349218
30,  0.00467118
30,  0.012936
30,  0.067477
30,  5.63604
30,  12.0891
30,  0.00709372
30,  0.00357184
30,  0.0087902
30,  0.153872
30,  0.22266
30,  0.52265
30,  3019.44
30,  367.113
30,  0.000807802
30,  0.00333796
30,  0.238408
30,  1.65436
30,  6.51732
30,  228.443
30,  2.92129
30,  0.00354924
30,  0.043316
30,  0.293295
30,  0.38928
30,  6.09785
30,  10.0546
30,  252.278
30,  0.0054924
30,  0.0778776
30,  0.0851694
30,  0.140604
30,  0.156576
30,  0.212477
30,  0.222804
30,  0.229486
30,  0.0115756
30,  0.0117754
31, 0.00349218
31,  0.00467118
31,  0.00709372
31,  0.012936
31,  0.067477
31,  5.63604
31,  12.0891
31,  0.00357184
31,  0.0087902
31,  0.153872
31,  0.22266
31,  367.113
31,  3019.44
31,  86.3411
31,  0.000807802
31,  0.00333796
31,  0.238408
31,  1.65436
31,  2.92129
31,  228.443
31,  1.42384
31,  0.00354924
31,  0.0054924
31,  0.38928
31,  1.6201
31,  10.0546
31,  252.278
31,  6004.77
31,  0.043316
31,  0.0778776
31,  0.0851694
31,  0.140604
31,  0.156576
31,  0.212477
31,  0.222804
31,  0.229486
31,  0.0115756
31,  0.0117754
32, 0.00155223
32,  0.00467118
32,  0.012936
32,  0.067477
32,  5.63604
32,  12.0891
32,  153.636
32,  0.00357184
32,  0.0087902
32,  0.153872
32,  86.3411
32,  367.113
32,  3019.44
32,  486.107
32,  0.000807802
32,  0.00333796
32,  0.238408
32,  1.42384
32,  1.65436
32,  2.92129
32,  228.443
32,  0.00354924
32,  0.0054924
32,  1.6201
32,  10.0546
32,  104.195
32,  4249.86
32,  310.529
32,  0.043316
32,  0.0778776
32,  0.0851694
32,  0.140604
32,  0.156576
32,  0.212477
32,  0.222804
32,  0.229486
32,  0.00709372
32,  0.0115756
33, 0.00155223
33,  0.00467118
33,  0.012936
33,  0.067477
33,  5.63604
33,  12.0891
33,  92.5104
33,  0.00357184
33,  0.0087902
33,  0.153872
33,  86.3411
33,  96.6099
33,  367.113
33,  21.1779
33,  0.000807802
33,  0.00333796
33,  0.238408
33,  1.65436
33,  2.92129
33,  228.443
33,  60.7806
33,  0.00354924
33,  0.0054924
33,  1.6201
33,  10.0546
33,  104.195
33,  4249.86
33,  1.29988
33,  0.043316
33,  0.0778776
33,  0.0851694
33,  0.140604
33,  0.156576
33,  0.212477
33,  0.222804
33,  0.229486
33,  0.00709372
33,  0.0115756
34, 0.00155223
34,  0.00467118
34,  0.012936
34,  0.0403844
34,  5.63604
34,  12.0891
34,  92.5104
34,  0.00357184
34,  0.0087902
34,  0.153872
34,  21.1779
34,  69.5636
34,  96.6099
34,  5.75787
34,  0.000807802
34,  0.00333796
34,  1.18349
34,  2.92129
34,  60.7806
34,  228.443
34,  3.06238
34,  0.00354924
34,  0.0054924
34,  1.6201
34,  10.0546
34,  104.195
34,  466.998
34,  359.806
34,  0.043316
34,  0.0778776
34,  0.0851694
34,  0.140604
34,  0.156576
34,  0.212477
34,  0.222804
34,  0.229486
34,  0.00709372
34,  0.0115756
35, 0.00155223
35,  0.00467118
35,  0.012936
35,  5.63604
35,  12.0891
35,  92.5104
35,  7665.78
35,  0.00357184
35,  0.0087902
35,  0.153872
35,  5.75787
35,  21.1779
35,  25.3768
35,  74.471
35,  0.000807802
35,  0.00333796
35,  1.18349
35,  2.92129
35,  60.7806
35,  228.443
35,  12.6097
35,  0.00354924
35,  0.0054924
35,  1.6201
35,  2.48862
35,  104.195
35,  359.806
35,  0.713866
35,  0.043316
35,  0.0778776
35,  0.0851694
35,  0.140604
35,  0.156576
35,  0.212477
35,  0.222804
35,  0.229486
35,  0.00709372
35,  0.0115756
36, 0.00155223
36,  0.00467118
36,  0.012936
36,  12.0891
36,  92.5104
36,  317.135
36,  10.8944
36,  0.00357184
36,  0.0087902
36,  0.153872
36,  0.214213
36,  21.1779
36,  25.3768
36,  178.995
36,  0.000807802
36,  0.00333796
36,  1.18349
36,  2.92129
36,  60.7806
36,  228.443
36,  8905.87
36,  0.00354924
36,  0.0054924
36,  0.713866
36,  1.6201
36,  2.48862
36,  37.5731
36,  359.806
36,  0.043316
36,  0.0778776
36,  0.0851694
36,  0.140604
36,  0.156576
36,  0.212477
36,  0.222804
36,  0.229486
36,  0.00709372
36,  0.0115756
37, 0.00155223
37,  0.00467118
37,  0.012936
37,  10.8944
37,  12.0891
37,  77.1183
37,  16.2758
37,  0.00357184
37,  0.00814335
37,  0.153872
37,  21.1779
37,  25.3768
37,  178.995
37,  13774.9
37,  0.000807802
37,  0.00333796
37,  1.18349
37,  2.92129
37,  21.3155
37,  228.443
37,  8905.87
37,  0.00354924
37,  0.0054924
37,  1.36469
37,  1.6201
37,  2.48862
37,  359.806
37,  1076.61
37,  0.043316
37,  0.0778776
37,  0.0851694
37,  0.140604
37,  0.156576
37,  0.212477
37,  0.222804
37,  0.229486
37,  0.00709372
37,  0.0115756
38, 0.00155223
38,  0.00467118
38,  0.012936
38,  10.8944
38,  12.0891
38,  77.1183
38,  35.7169
38,  0.00357184
38,  0.00652156
38,  0.153872
38,  10.0491
38,  11.9907
38,  178.995
38,  13774.9
38,  0.000807802
38,  0.00333796
38,  2.92129
38,  21.3155
38,  197.202
38,  8905.87
38,  7.19168
38,  0.00354924
38,  0.0054924
38,  1.6201
38,  2.48862
38,  9.93199
38,  259.098
38,  9.76783
38,  0.043316
38,  0.0778776
38,  0.0851694
38,  0.140604
38,  0.156576
38,  0.212477
38,  0.222804
38,  0.229486
38,  0.00709372
38,  0.0115756
39, 0.00155223
39,  0.00467118
39,  0.012936
39,  12.0891
39,  35.7169
39,  77.1183
39,  21.869
39,  0.00302778
39,  0.00357184
39,  0.153872
39,  9.3661
39,  178.995
39,  13774.9
39,  1.98119
39,  0.000807802
39,  0.00333796
39,  2.92129
39,  7.19168
39,  197.202
39,  8905.87
39,  1.7725
39,  0.00354924
39,  0.0054924
39,  1.6201
39,  2.48862
39,  9.76783
39,  134.569
39,  1.04172
39,  0.043316
39,  0.0778776
39,  0.0851694
39,  0.140604
39,  0.156576
39,  0.212477
39,  0.222804
39,  0.229486
39,  0.00709372
39,  0.0115756
40, 0.00155223
40,  0.00467118
40,  0.012936
40,  12.0891
40,  21.869
40,  77.1183
40,  30.6815
40,  0.00302778
40,  0.00357184
40,  0.153872
40,  1.98119
40,  3.58417
40,  178.995
40,  35.7409
40,  0.000807802
40,  0.00333796
40,  2.92129
40,  7.19168
40,  197.202
40,  8905.87
40,  17.013
40,  0.00354924
40,  0.0054924
40,  0.594709
40,  1.04172
40,  2.48862
40,  9.76783
40,  474.601
40,  0.043316
40,  0.0778776
40,  0.0851694
40,  0.140604
40,  0.156576
40,  0.212477
40,  0.222804
40,  0.229486
40,  0.00709372
40,  0.0115756
41, 0.00155223
41,  0.00467118
41,  0.012936
41,  12.0891
41,  21.869
41,  30.6815
41,  77.1183
41,  0.00302778
41,  0.00357184
41,  1.98119
41,  3.58417
41,  13.9534
41,  35.7409
41,  5.7085
41,  0.000807802
41,  0.00333796
41,  2.92129
41,  7.19168
41,  197.202
41,  3347.22
41,  722.11
41,  0.00354924
41,  0.0054924
41,  0.594709
41,  1.04172
41,  2.48862
41,  9.76783
41,  2.87557
41,  0.043316
41,  0.0778776
41,  0.0851694
41,  0.140604
41,  0.156576
41,  0.212477
41,  0.222804
41,  0.229486
41,  0.00709372
41,  0.0115756
42, 0.00155223
42,  0.00467118
42,  12.0891
42,  21.869
42,  30.6815
42,  77.1183
42,  129.767
42,  0.00229514
42,  0.00302778
42,  1.98119
42,  3.58417
42,  5.7085
42,  13.9534
42,  11.3759
42,  0.000807802
42,  0.00333796
42,  2.92129
42,  7.19168
42,  197.202
42,  722.11
42,  3347.22
42,  0.00354924
42,  0.0054924
42,  0.594709
42,  1.04172
42,  2.48862
42,  2.87557
42,  144.932
42,  0.043316
42,  0.0778776
42,  0.0851694
42,  0.140604
42,  0.156576
42,  0.212477
42,  0.222804
42,  0.229486
42,  0.00709372
42,  0.0115756
43, 0.00155223
43,  0.00467118
43,  2.01237
43,  21.869
43,  30.6815
43,  129.767
43,  79.4093
43,  0.00229514
43,  0.00302778
43,  1.5254
43,  1.98119
43,  11.3759
43,  13.9534
43,  1.56849
43,  0.000807802
43,  0.00333796
43,  2.92129
43,  7.19168
43,  197.202
43,  722.11
43,  43.0951
43,  0.00354924
43,  0.0054924
43,  1.04172
43,  2.48862
43,  2.87557
43,  2.88788
43,  6.35696
43,  0.043316
43,  0.0778776
43,  0.0851694
43,  0.140604
43,  0.156576
43,  0.212477
43,  0.222804
43,  0.229486
43,  0.00709372
43,  0.0115756
44, 0.00155223
44,  0.00467118
44,  2.01237
44,  21.869
44,  79.4093
44,  129.767
44,  6895.43
44,  0.00229514
44,  0.00301393
44,  0.833213
44,  1.98119
44,  11.3759
44,  13.9534
44,  0.178852
44,  0.000807802
44,  0.00333796
44,  7.19168
44,  29.2974
44,  197.202
44,  722.11
44,  347.505
44,  0.00354924
44,  0.0054924
44,  1.04172
44,  2.48862
44,  2.88788
44,  6.35696
44,  102.813
44,  0.043316
44,  0.0778776
44,  0.0851694
44,  0.140604
44,  0.156576
44,  0.212477
44,  0.222804
44,  0.229486
44,  0.00709372
44,  0.00872784
45, 0.00155223
45,  0.00467118
45,  2.01237
45,  21.869
45,  79.4093
45,  129.767
45,  6895.43
45,  0.00229514
45,  0.00301393
45,  0.0721763
45,  0.833213
45,  11.3759
45,  13.9534
45,  0.0192009
45,  0.000807802
45,  0.00333796
45,  7.19168
45,  29.2974
45,  347.505
45,  722.11
45,  100.442
45,  0.000213772
45,  0.0054924
45,  1.04172
45,  2.48862
45,  2.88788
45,  6.35696
45,  126.729
45,  0.043316
45,  0.0778776
45,  0.0851694
45,  0.140604
45,  0.156576
45,  0.212477
45,  0.222804
45,  0.229486
45,  0.00709372
45,  0.00872784
46, 0.00155223
46,  0.00467118
46,  2.01237
46,  21.869
46,  79.4093
46,  6895.43
46,  10243.6
46,  0.00229514
46,  0.00301393
46,  0.0192009
46,  0.0721763
46,  0.833213
46,  13.9534
46,  5812.41
46,  0.000807802
46,  0.00333796
46,  29.2974
46,  100.442
46,  188.127
46,  347.505
46,  3195.4
46,  0.000213772
46,  0.0054924
46,  2.48862
46,  2.88788
46,  6.35696
46,  126.729
46,  7.03387
46,  0.043316
46,  0.0778776
46,  0.0851694
46,  0.140604
46,  0.156576
46,  0.212477
46,  0.222804
46,  0.229486
46,  0.00709372
46,  0.00872784
47, 0.00155223
47,  0.00467118
47,  0.949509
47,  2.01237
47,  21.869
47,  40.9086
47,  143.62
47,  0.00229514
47,  0.00301393
47,  0.0192009
47,  0.0721763
47,  0.833213
47,  6.94911
47,  13.9534
47,  0.000807802
47,  0.0018709
47,  29.2974
47,  100.442
47,  347.505
47,  3195.4
47,  16.9895
47,  0.000213772
47,  0.0054924
47,  2.48862
47,  2.88788
47,  6.35696
47,  7.03387
47,  497.319
47,  0.043316
47,  0.0778776
47,  0.0851694
47,  0.140604
47,  0.156576
47,  0.212477
47,  0.222804
47,  0.229486
47,  0.00709372
47,  0.00872784
48, 0.00155223
48,  0.00467118
48,  0.949509
48,  2.01237
48,  21.869
48,  40.9086
48,  193.856
48,  0.00229514
48,  0.00301393
48,  0.0192009
48,  0.0721763
48,  0.833213
48,  6.94911
48,  13.9534
48,  0.000807802
48,  0.0018709
48,  3.94954
48,  7.67309
48,  29.2974
48,  100.442
48,  3195.4
48,  0.000213772
48,  0.00524608
48,  2.48862
48,  2.88788
48,  7.03387
48,  497.319
48,  5.19708
48,  0.043316
48,  0.0778776
48,  0.0851694
48,  0.140604
48,  0.156576
48,  0.212477
48,  0.222804
48,  0.229486
48,  0.00709372
48,  0.00872784
49, 0.00155223
49,  0.00467118
49,  2.01237
49,  21.869
49,  40.9086
49,  193.856
49,  2697.77
49,  0.00229514
49,  0.00237296
49,  0.0192009
49,  0.0721763
49,  0.833213
49,  13.9534
49,  0.016117
49,  0.000716456
49,  0.000807802
49,  3.94954
49,  7.67309
49,  29.2974
49,  137.088
49,  109.017
49,  0.000213772
49,  0.00524608
49,  2.48862
49,  2.88788
49,  5.19708
49,  371.889
49,  105.909
49,  0.043316
49,  0.0778776
49,  0.0851694
49,  0.140604
49,  0.156576
49,  0.212477
49,  0.222804
49,  0.229486
49,  0.00709372
49,  0.00872784
50, 0.00155223
50,  0.00467118
50,  2.01237
50,  21.869
50,  40.9086
50,  193.856
50,  2697.77
50,  0.00229514
50,  0.00237296
50,  0.016117
50,  0.0721763
50,  0.182907
50,  13.9534
50,  0.412676
50,  0.000716456
50,  0.000807802
50,  0.583354
50,  3.94954
50,  29.2974
50,  137.088
50,  57.0962
50,  0.000213772
50,  0.00524608
50,  2.48862
50,  2.88788
50,  5.19708
50,  33.5546
50,  56.3897
50,  0.043316
50,  0.0778776
50,  0.0851694
50,  0.140604
50,  0.156576
50,  0.212477
50,  0.222804
50,  0.229486
50,  0.00709372
50,  0.00872784
