1,3.95424,,1,0.268457
1,8.58259,,2,0.268457
1,17.1138,,3,0.0497001
1,30.184,,4,0.0326351
1,13.8877,,5,0.00834442
1,7.26498,,6,0.00834442
1,17.2564,,7,0.00831959
1,4.31908,,8,0.00831959
1,2.0082,,9,0.00831959
1,5.54754,,10,0.00321819
1,9.71343,,11,0.00321819
1,12.5167,,12,0.00321819
1,1.6846,,13,0.00321819
1,25.6778,,14,0.00321819
1,5.61166,,15,0.00321819
1,7.30665,,16,0.00321819
1,21.4404,,17,3.08512E-05
1,4.95843,,18,3.08512E-05
1,6.16862,,19,3.08512E-05
1,1.9566,,20,3.08512E-05
1,2.33061,,21,3.08512E-05
1,1.50203,,22,3.08512E-05
1,10.8649,,23,3.08512E-05
1,25.8849,,24,3.08512E-05
1,18.0345,,25,3.08512E-05
1,9.11603,,26,3.08512E-05
1,0.268457,,27,3.08512E-05
1,4.17424,,28,3.08512E-05
1,6.39271,,29,9.07292E-06
1,11.8223,,30,9.07292E-06
1,4.65551,,31,9.07292E-06
1,6.06512,,32,9.07292E-06
1,9.10116,,33,9.07292E-06
1,3.01193,,34,1.05063E-08
1,19.6479,,35,1.05063E-08
1,6.89041,,36,1.05063E-08
1,15.8284,,37,1.05063E-08
1,8.95684,,38,1.05063E-08
1,2.37385,,39,1.05063E-08
1,2.76718,,40,1.05063E-08
1,9.66713,,41,1.05063E-08
1,12.8589,,42,1.05063E-08
1,12.6239,,43,1.05063E-08
1,16.473,,44,1.05063E-08
1,10.8692,,45,1.05063E-08
1,14.5368,,46,1.05063E-08
1,12.726,,47,1.05063E-08
1,9.06956,,48,1.05063E-08
1,12.6766,,49,1.05063E-08
1,16.3922,,50,1.05063E-08
2,1.84139,,,
2,7.7353,,,
2,13.4227,,,
2,3.26521,,,
2,2.0082,,,
2,5.54754,,,
2,3.19697,,,
2,2.37385,,,
2,6.32432,,,
2,0.268457,,,
2,4.00379,,,
2,4.51304,,,
2,25.6778,,,
2,5.61166,,,
2,4.95843,,,
2,6.16862,,,
2,1.9566,,,
2,6.39271,,,
2,7.30665,,,
2,2.86406,,,
2,1.80542,,,
2,1.50203,,,
2,3.39928,,,
2,4.17424,,,
2,11.8223,,,
2,9.09886,,,
2,7.76064,,,
2,2.94979,,,
2,9.11603,,,
2,12.1695,,,
2,4.65551,,,
2,6.06512,,,
2,9.10116,,,
2,19.6479,,,
2,6.89041,,,
2,4.04483,,,
2,11.3395,,,
2,1.6846,,,
2,2.76718,,,
2,5.92633,,,
2,9.66713,,,
2,10.8692,,,
2,2.33061,,,
2,8.58259,,,
2,12.5167,,,
2,9.26364,,,
2,9.38626,,,
2,9.09732,,,
2,12.6766,,,
2,13.2395,,,
3,1.2691,,,
3,1.80542,,,
3,13.4227,,,
3,5.54754,,,
3,0.268457,,,
3,8.97463,,,
3,9.22374,,,
3,1.6846,,,
3,1.12824,,,
3,3.34402,,,
3,4.00379,,,
3,0.113054,,,
3,19.9301,,,
3,0.0497001,,,
3,6.39271,,,
3,0.110228,,,
3,6.89943,,,
3,3.19697,,,
3,2.94979,,,
3,2.86406,,,
3,1.50203,,,
3,1.12997,,,
3,3.39928,,,
3,11.8223,,,
3,7.76064,,,
3,5.61535,,,
3,1.38184,,,
3,2.0082,,,
3,2.12457,,,
3,1.9566,,,
3,1.00393,,,
3,4.05282,,,
3,9.10116,,,
3,19.6479,,,
3,6.89041,,,
3,11.3395,,,
3,1.04443,,,
3,4.17424,,,
3,4.04483,,,
3,3.26521,,,
3,4.76627,,,
3,7.7353,,,
3,6.57233,,,
3,4.51304,,,
3,4.54825,,,
3,2.33061,,,
3,4.77723,,,
3,4.65551,,,
3,5.61166,,,
3,5.92633,,,
4,1.2691,,,
4,1.80542,,,
4,0.998942,,,
4,0.244307,,,
4,3.34402,,,
4,20.1855,,,
4,13.8251,,,
4,4.04483,,,
4,3.39928,,,
4,0.614435,,,
4,0.0326351,,,
4,0.113054,,,
4,1.15921,,,
4,0.110228,,,
4,3.19697,,,
4,21.1424,,,
4,2.07889,,,
4,5.61166,,,
4,0.268457,,,
4,2.0082,,,
4,1.12997,,,
4,1.0411,,,
4,5.07537,,,
4,5.61535,,,
4,1.38184,,,
4,1.9566,,,
4,21.7388,,,
4,1.04443,,,
4,5.14538,,,
4,0.0497001,,,
4,1.00393,,,
4,1.50203,,,
4,9.10116,,,
4,6.89041,,,
4,4.17424,,,
4,3.26521,,,
4,5.05072,,,
4,2.94979,,,
4,2.86406,,,
4,2.12457,,,
4,4.76627,,,
4,4.51304,,,
4,4.05282,,,
4,4.00379,,,
4,4.77723,,,
4,4.65551,,,
4,3.11791,,,
4,2.79724,,,
4,5.92633,,,
4,7.76064,,,
5,1.2691,,,
5,1.45817,,,
5,0.244307,,,
5,3.39928,,,
5,0.614435,,,
5,21.6984,,,
5,1.64708,,,
5,1.17706,,,
5,3.26521,,,
5,0.110228,,,
5,0.0326351,,,
5,0.113054,,,
5,11.9863,,,
5,2.02568,,,
5,0.268457,,,
5,2.0082,,,
5,18.9692,,,
5,1.15921,,,
5,4.04483,,,
5,3.19697,,,
5,0.00834442,,,
5,1.0411,,,
5,5.61535,,,
5,1.04443,,,
5,4.58152,,,
5,0.0497001,,,
5,1.23626,,,
5,1.38184,,,
5,3.34402,,,
5,0.998942,,,
5,1.00393,,,
5,1.50203,,,
5,9.10116,,,
5,6.89041,,,
5,4.17424,,,
5,1.11837,,,
5,8.85478,,,
5,0.880787,,,
5,1.9566,,,
5,1.95605,,,
5,4.51304,,,
5,4.05282,,,
5,4.00379,,,
5,3.11791,,,
5,2.79724,,,
5,1.80542,,,
5,3.14704,,,
5,1.54703,,,
5,5.05072,,,
5,5.07537,,,
6,1.2691,,,
6,0.0751595,,,
6,0.244307,,,
6,3.39928,,,
6,1.64708,,,
6,3.26521,,,
6,17.6161,,,
6,1.9566,,,
6,1.11837,,,
6,2.02568,,,
6,0.0326351,,,
6,0.113054,,,
6,2.0082,,,
6,1.15921,,,
6,1.06451,,,
6,5.98188,,,
6,19.1189,,,
6,0.268457,,,
6,0.998942,,,
6,0.614435,,,
6,0.00834442,,,
6,1.0411,,,
6,4.58152,,,
6,1.23626,,,
6,1.38184,,,
6,3.34402,,,
6,19.0367,,,
6,3.19697,,,
6,0.110228,,,
6,1.04443,,,
6,1.00393,,,
6,1.50203,,,
6,9.10116,,,
6,6.89041,,,
6,8.85478,,,
6,0.880787,,,
6,21.6867,,,
6,0.0497001,,,
6,1.95605,,,
6,1.17706,,,
6,4.05282,,,
6,4.00379,,,
6,3.11791,,,
6,2.79724,,,
6,1.80542,,,
6,3.14704,,,
6,1.54703,,,
6,1.45817,,,
6,4.17424,,,
6,5.05072,,,
7,1.04685,,,
7,0.0751595,,,
7,0.244307,,,
7,3.39928,,,
7,1.64708,,,
7,17.6161,,,
7,2.02568,,,
7,3.26521,,,
7,0.614435,,,
7,0.880787,,,
7,0.0326351,,,
7,0.113054,,,
7,1.15921,,,
7,1.06451,,,
7,5.98188,,,
7,0.268457,,,
7,14.364,,,
7,1.11837,,,
7,0.0208067,,,
7,0.0497001,,,
7,0.00834442,,,
7,1.0411,,,
7,1.23626,,,
7,1.26674,,,
7,19.0367,,,
7,1.04443,,,
7,6.68807,,,
7,3.19697,,,
7,1.38184,,,
7,0.110228,,,
7,1.00393,,,
7,0.00831959,,,
7,9.10116,,,
7,4.0568,,,
7,8.85478,,,
7,1.95605,,,
7,1.17706,,,
7,1.9566,,,
7,0.998942,,,
7,2.0082,,,
7,4.05282,,,
7,4.00379,,,
7,3.11791,,,
7,2.79724,,,
7,1.80542,,,
7,3.14704,,,
7,1.54703,,,
7,1.45817,,,
7,4.17424,,,
7,4.58152,,,
8,1.04685,,,
8,0.00978621,,,
8,3.39928,,,
8,17.6161,,,
8,0.614435,,,
8,1.70883,,,
8,15.2681,,,
8,0.880787,,,
8,1.23626,,,
8,1.15921,,,
8,0.0326351,,,
8,0.0717789,,,
8,1.06451,,,
8,1.11837,,,
8,0.0208067,,,
8,19.9434,,,
8,17.1015,,,
8,1.19688,,,
8,1.95605,,,
8,0.268457,,,
8,0.00834442,,,
8,1.0411,,,
8,19.0367,,,
8,1.04443,,,
8,3.86428,,,
8,1.38184,,,
8,0.110228,,,
8,0.0497001,,,
8,1.26674,,,
8,2.0082,,,
8,1.00393,,,
8,0.00831959,,,
8,3.89676,,,
8,4.0568,,,
8,8.85478,,,
8,0.998942,,,
8,3.54167,,,
8,0.244307,,,
8,1.9566,,,
8,1.17706,,,
8,3.11791,,,
8,2.79724,,,
8,1.80542,,,
8,3.14704,,,
8,1.54703,,,
8,1.45817,,,
8,1.79726,,,
8,3.99058,,,
8,2.02568,,,
8,3.19697,,,
9,0.0711979,,,
9,0.00978621,,,
9,9.59296,,,
9,15.2681,,,
9,0.880787,,,
9,0.159764,,,
9,1.15921,,,
9,3.19697,,,
9,0.614435,,,
9,1.9566,,,
9,0.0326351,,,
9,0.0717789,,,
9,1.11837,,,
9,0.0208067,,,
9,13.8596,,,
9,0.268457,,,
9,15.7793,,,
9,1.04443,,,
9,1.95605,,,
9,2.02568,,,
9,0.00834442,,,
9,1.0411,,,
9,3.86428,,,
9,0.100741,,,
9,0.0497001,,,
9,2.0082,,,
9,6.54766,,,
9,1.70883,,,
9,1.19688,,,
9,1.26674,,,
9,1.00393,,,
9,0.00831959,,,
9,8.85478,,,
9,0.998942,,,
9,3.54167,,,
9,0.244307,,,
9,1.17706,,,
9,1.07762,,,
9,0.110228,,,
9,1.06451,,,
9,3.11791,,,
9,2.79724,,,
9,1.80542,,,
9,3.14704,,,
9,1.04685,,,
9,1.45817,,,
9,1.79726,,,
9,1.85123,,,
9,3.89676,,,
9,4.0568,,,
10,0.00978621,,,
10,0.00321819,,,
10,0.159764,,,
10,1.15921,,,
10,3.19697,,,
10,1.9566,,,
10,22.2357,,,
10,0.614435,,,
10,0.100741,,,
10,1.04443,,,
10,0.0326351,,,
10,0.0711979,,,
10,1.11837,,,
10,0.268457,,,
10,1.95605,,,
10,2.02568,,,
10,1.44759,,,
10,1.26674,,,
10,1.07762,,,
10,0.880787,,,
10,0.00834442,,,
10,1.00283,,,
10,3.86428,,,
10,0.0497001,,,
10,1.70883,,,
10,1.00177,,,
10,14.0939,,,
10,0.0208067,,,
10,3.54167,,,
10,1.19688,,,
10,1.00393,,,
10,0.00831959,,,
10,8.85478,,,
10,0.998942,,,
10,0.244307,,,
10,1.17706,,,
10,1.06451,,,
10,0.00585429,,,
10,2.0082,,,
10,0.110228,,,
10,1.11331,,,
10,0.374074,,,
10,1.04685,,,
10,1.45817,,,
10,1.79726,,,
10,1.85123,,,
10,0.0717789,,,
10,1.81267,,,
10,3.89676,,,
10,3.96565,,,
11,0.00978621,,,
11,0.00321819,,,
11,3.19697,,,
11,22.2357,,,
11,0.614435,,,
11,0.100741,,,
11,1.25711,,,
11,0.268457,,,
11,0.110228,,,
11,0.159764,,,
11,0.0326351,,,
11,0.0711979,,,
11,1.11837,,,
11,1.95605,,,
11,1.44759,,,
11,1.26674,,,
11,1.07762,,,
11,0.998942,,,
11,1.00177,,,
11,0.880787,,,
11,0.00834442,,,
11,1.00283,,,
11,1.70883,,,
11,14.0939,,,
11,0.0208067,,,
11,3.54167,,,
11,21.7521,,,
11,0.0497001,,,
11,1.19688,,,
11,0.00585429,,,
11,0.0717789,,,
11,0.00831959,,,
11,8.85478,,,
11,0.244307,,,
11,1.17706,,,
11,1.06451,,,
11,2.0082,,,
11,1.15921,,,
11,1.9566,,,
11,1.04443,,,
11,1.11331,,,
11,1.00393,,,
11,1.04685,,,
11,1.45817,,,
11,1.79726,,,
11,0.374074,,,
11,1.81267,,,
11,1.11251,,,
11,2.02568,,,
11,3.86428,,,
12,0.00978621,,,
12,0.00321819,,,
12,0.033656,,,
12,22.2357,,,
12,0.614435,,,
12,0.110228,,,
12,1.23029,,,
12,0.268457,,,
12,0.880787,,,
12,0.100741,,,
12,0.0326351,,,
12,0.0711979,,,
12,1.11837,,,
12,1.44759,,,
12,1.26674,,,
12,1.07762,,,
12,0.998942,,,
12,1.00177,,,
12,0.0497001,,,
12,1.06451,,,
12,0.00834442,,,
12,1.00283,,,
12,1.70883,,,
12,13.9775,,,
12,1.19688,,,
12,26.2818,,,
12,2.38961,,,
12,1.17706,,,
12,0.159764,,,
12,1.04443,,,
12,0.0717789,,,
12,0.00831959,,,
12,0.244307,,,
12,2.0082,,,
12,1.15921,,,
12,1.9566,,,
12,8.06455,,,
12,0.0208067,,,
12,1.25711,,,
12,0.00585429,,,
12,1.11331,,,
12,1.00393,,,
12,1.04685,,,
12,1.45817,,,
12,0.374074,,,
12,1.11251,,,
12,1.48104,,,
12,1.11001,,,
12,1.64206,,,
12,2.02568,,,
13,0.00978621,,,
13,0.00321819,,,
13,22.2357,,,
13,0.110228,,,
13,0.880787,,,
13,0.100741,,,
13,15.9055,,,
13,1.04443,,,
13,0.112401,,,
13,0.998942,,,
13,0.0326351,,,
13,0.0205082,,,
13,1.11837,,,
13,1.26674,,,
13,1.07762,,,
13,0.0497001,,,
13,18.0479,,,
13,0.00585429,,,
13,0.033656,,,
13,0.268457,,,
13,0.00834442,,,
13,1.00283,,,
13,1.70883,,,
13,8.9575,,,
13,19.4972,,,
13,2.38961,,,
13,1.17706,,,
13,1.00177,,,
13,0.614435,,,
13,0.0208067,,,
13,0.0717789,,,
13,0.00831959,,,
13,0.244307,,,
13,2.0082,,,
13,1.15921,,,
13,1.9566,,,
13,11.4788,,,
13,1.13718,,,
13,0.159764,,,
13,0.0224106,,,
13,1.11331,,,
13,1.00393,,,
13,1.04685,,,
13,1.45817,,,
13,0.368712,,,
13,1.11251,,,
13,1.48104,,,
13,1.11001,,,
13,1.19688,,,
13,1.25711,,,
14,0.00978621,,,
14,0.00321819,,,
14,0.110228,,,
14,0.880787,,,
14,0.112401,,,
14,15.0185,,,
14,20.9403,,,
14,0.508589,,,
14,0.00585429,,,
14,1.11837,,,
14,0.0326351,,,
14,0.0205082,,,
14,0.0497001,,,
14,18.0479,,,
14,0.268457,,,
14,9.49439,,,
14,7.94316,,,
14,1.07762,,,
14,1.13718,,,
14,0.0224106,,,
14,0.00834442,,,
14,0.204842,,,
14,16.1312,,,
14,1.00177,,,
14,0.614435,,,
14,0.0208067,,,
14,16.0552,,,
14,1.04443,,,
14,0.033656,,,
14,0.998942,,,
14,0.0717789,,,
14,0.00831959,,,
14,1.15921,,,
14,11.4788,,,
14,0.159764,,,
14,5.45893,,,
14,1.57236,,,
14,1.17706,,,
14,0.100741,,,
14,0.244307,,,
14,1.00393,,,
14,1.04685,,,
14,0.368712,,,
14,1.11251,,,
14,1.11001,,,
14,1.00283,,,
14,0.874881,,,
14,0.394516,,,
14,1.19688,,,
14,1.25711,,,
15,0.00978621,,,
15,0.00321819,,,
15,0.110228,,,
15,0.880787,,,
15,0.112401,,,
15,20.9403,,,
15,0.00585429,,,
15,1.25711,,,
15,1.13718,,,
15,1.17706,,,
15,0.0326351,,,
15,0.0205082,,,
15,18.0479,,,
15,0.268457,,,
15,7.94316,,,
15,1.41329,,,
15,15.8672,,,
15,1.00177,,,
15,0.0224106,,,
15,1.11837,,,
15,0.00834442,,,
15,0.204842,,,
15,0.614435,,,
15,1.04443,,,
15,0.998942,,,
15,9.5916,,,
15,2.33021,,,
15,1.07762,,,
15,0.0497001,,,
15,0.508589,,,
15,0.0717789,,,
15,0.00831959,,,
15,1.15921,,,
15,0.159764,,,
15,0.100741,,,
15,0.244307,,,
15,3.9071,,,
15,0.033656,,,
15,1.19688,,,
15,0.0208067,,,
15,1.00393,,,
15,1.04685,,,
15,0.368712,,,
15,1.11001,,,
15,1.00283,,,
15,0.874881,,,
15,0.394516,,,
15,1.08236,,,
15,1.57236,,,
15,5.45893,,,
16,0.00348599,,,
16,0.00321819,,,
16,0.110228,,,
16,0.880787,,,
16,0.112401,,,
16,0.00585429,,,
16,1.13718,,,
16,0.244307,,,
16,1.57236,,,
16,0.268457,,,
16,0.0326351,,,
16,0.0176586,,,
16,7.94316,,,
16,1.41329,,,
16,0.0224106,,,
16,4.87419,,,
16,1.21541,,,
16,1.11837,,,
16,0.0497001,,,
16,1.17706,,,
16,0.00834442,,,
16,0.204842,,,
16,1.04443,,,
16,0.998942,,,
16,1.00631,,,
16,0.508589,,,
16,33.6045,,,
16,0.0208067,,,
16,0.0901554,,,
16,1.25711,,,
16,0.0717789,,,
16,0.00831959,,,
16,0.159764,,,
16,0.100741,,,
16,3.9071,,,
16,1.19688,,,
16,16.2051,,,
16,1.15921,,,
16,1.00177,,,
16,0.033656,,,
16,1.00393,,,
16,0.00978621,,,
16,0.368712,,,
16,1.11001,,,
16,1.00283,,,
16,0.874881,,,
16,0.394516,,,
16,1.08236,,,
16,1.66525,,,
16,2.88531,,,
17,0.00321819,,,
17,0.00346297,,,
17,1.13718,,,
17,1.57236,,,
17,0.268457,,,
17,4.29669,,,
17,0.0034277,,,
17,1.00177,,,
17,0.0208067,,,
17,1.00631,,,
17,0.0326351,,,
17,0.0176586,,,
17,7.94316,,,
17,1.41329,,,
17,0.0224106,,,
17,1.11837,,,
17,17.1191,,,
17,0.110228,,,
17,0.112401,,,
17,0.033656,,,
17,0.00348599,,,
17,0.00145997,,,
17,1.04443,,,
17,0.508589,,,
17,0.0173604,,,
17,18.2908,,,
17,0.00116619,,,
17,0.00354118,,,
17,0.998942,,,
17,0.880787,,,
17,0.0717789,,,
17,0.00831959,,,
17,0.159764,,,
17,0.100741,,,
17,1.19688,,,
17,1.15921,,,
17,11.2015,,,
17,0.0497001,,,
17,3.09E-05,,,
17,0.244307,,,
17,1.00393,,,
17,0.00978621,,,
17,0.368712,,,
17,1.00283,,,
17,0.874881,,,
17,0.394516,,,
17,0.00834442,,,
17,0.050567,,,
17,1.17706,,,
17,1.21541,,,
18,0.00321819,,,
18,0.00328851,,,
18,1.13718,,,
18,1.57236,,,
18,1.00177,,,
18,0.0208067,,,
18,8.97715,,,
18,0.159764,,,
18,0.268457,,,
18,0.0034277,,,
18,0.00978621,,,
18,0.0176586,,,
18,1.11837,,,
18,17.1191,,,
18,0.110228,,,
18,0.033656,,,
18,10.7967,,,
18,1.00631,,,
18,0.112401,,,
18,0.00354118,,,
18,0.00348599,,,
18,0.00145997,,,
18,18.2908,,,
18,0.00116619,,,
18,0.998942,,,
18,0.880787,,,
18,2.0363,,,
18,1.04443,,,
18,0.0173604,,,
18,1.15921,,,
18,0.00834442,,,
18,0.00831959,,,
18,0.100741,,,
18,11.2015,,,
18,3.09E-05,,,
18,0.0312034,,,
18,17.3315,,,
18,0.0224106,,,
18,0.508589,,,
18,0.0497001,,,
18,0.0326351,,,
18,0.368712,,,
18,1.00283,,,
18,0.874881,,,
18,0.394516,,,
18,0.0717789,,,
18,0.050567,,,
18,0.799331,,,
18,1.17706,,,
18,1.19688,,,
19,0.00321819,,,
19,0.00328851,,,
19,1.13718,,,
19,0.0208067,,,
19,8.97715,,,
19,0.159764,,,
19,1.17566,,,
19,0.00116619,,,
19,0.0312034,,,
19,0.268457,,,
19,0.00978621,,,
19,0.0176586,,,
19,0.110228,,,
19,7.05251,,,
19,0.112401,,,
19,0.00354118,,,
19,4.37115,,,
19,0.033656,,,
19,0.100741,,,
19,1.00177,,,
19,0.00348599,,,
19,0.00145997,,,
19,18.2908,,,
19,0.880787,,,
19,1.04443,,,
19,0.0173604,,,
19,1.15921,,,
19,0.508589,,,
19,0.0034277,,,
19,1.11837,,,
19,0.00834442,,,
19,0.00831959,,,
19,11.2015,,,
19,3.09E-05,,,
19,0.0497001,,,
19,20.0131,,,
19,39.3326,,,
19,0.0224106,,,
19,1.00631,,,
19,0.998942,,,
19,0.0326351,,,
19,0.368712,,,
19,1.00283,,,
19,0.874881,,,
19,0.394516,,,
19,0.0717789,,,
19,0.050567,,,
19,0.799331,,,
19,1.17706,,,
19,1.19688,,,
20,0.00321819,,,
20,0.00328851,,,
20,1.13718,,,
20,0.0208067,,,
20,0.159764,,,
20,1.17566,,,
20,17.1681,,,
20,0.0312034,,,
20,0.112401,,,
20,0.0034277,,,
20,0.000947145,,,
20,0.0176586,,,
20,0.110228,,,
20,7.05251,,,
20,0.00354118,,,
20,9.37781,,,
20,4.71411,,,
20,1.00631,,,
20,1.11837,,,
20,0.00116619,,,
20,0.00348599,,,
20,0.00145997,,,
20,0.726543,,,
20,1.04443,,,
20,0.0173604,,,
20,1.15921,,,
20,0.508589,,,
20,1.00177,,,
20,0.268457,,,
20,3.09E-05,,,
20,0.00834442,,,
20,0.00831959,,,
20,11.2015,,,
20,0.0497001,,,
20,20.0131,,,
20,25,,,
20,0.998942,,,
20,0.033656,,,
20,0.0224106,,,
20,0.100741,,,
20,0.0326351,,,
20,0.368712,,,
20,1.00283,,,
20,0.874881,,,
20,0.394516,,,
20,0.0717789,,,
20,0.050567,,,
20,0.799331,,,
20,1.17706,,,
20,1.19688,,,
21,0.00321819,,,
21,0.00328851,,,
21,0.0208067,,,
21,17.1681,,,
21,0.0312034,,,
21,0.112401,,,
21,9.70377,,,
21,0.998942,,,
21,3.09E-05,,,
21,1.00177,,,
21,0.000947145,,,
21,0.00668685,,,
21,0.110228,,,
21,4.71411,,,
21,0.00116619,,,
21,19.5573,,,
21,19.1313,,,
21,1.11837,,,
21,0.00354118,,,
21,1.13718,,,
21,0.00348599,,,
21,0.00145997,,,
21,1.04443,,,
21,0.0173604,,,
21,0.508589,,,
21,0.268457,,,
21,12.899,,,
21,0.159764,,,
21,1.15921,,,
21,0.100741,,,
21,0.00834442,,,
21,0.00831959,,,
21,11.2015,,,
21,0.0497001,,,
21,25,,,
21,0.033656,,,
21,0.0224106,,,
21,0.726543,,,
21,1.00631,,,
21,0.0034277,,,
21,0.0326351,,,
21,0.368712,,,
21,1.00283,,,
21,0.874881,,,
21,0.394516,,,
21,0.0717789,,,
21,0.050567,,,
21,0.799331,,,
21,1.17566,,,
21,1.17706,,,
22,0.00321819,,,
22,0.00328851,,,
22,16.1934,,,
22,0.112401,,,
22,0.998942,,,
22,1.00177,,,
22,11.5995,,,
22,0.757219,,,
22,0.0208067,,,
22,1.02097,,,
22,0.000947145,,,
22,0.00668685,,,
22,0.00116619,,,
22,19.5573,,,
22,1.11837,,,
22,0.00354118,,,
22,20.2264,,,
22,0.0497001,,,
22,0.0312034,,,
22,3.09E-05,,,
22,0.00132141,,,
22,0.00145997,,,
22,1.04443,,,
22,0.0173604,,,
22,0.508589,,,
22,16.3485,,,
22,40.1016,,,
22,1.13718,,,
22,0.100741,,,
22,0.000440455,,,
22,0.00834442,,,
22,0.00831959,,,
22,20.1923,,,
22,0.033656,,,
22,0.0224106,,,
22,0.726543,,,
22,1.00631,,,
22,0.110228,,,
22,0.0034277,,,
22,0.268457,,,
22,0.0326351,,,
22,0.368712,,,
22,1.00283,,,
22,0.874881,,,
22,0.394516,,,
22,0.0717789,,,
22,0.050567,,,
22,0.799331,,,
22,1.17566,,,
22,1.17706,,,
23,0.00321819,,,
23,0.00316415,,,
23,4.22645,,,
23,1.00177,,,
23,7.42134,,,
23,0.0208067,,,
23,1.02097,,,
23,0.033656,,,
23,0.757219,,,
23,0.0105502,,,
23,0.000947145,,,
23,0.00172215,,,
23,19.5573,,,
23,20.2264,,,
23,0.0497001,,,
23,0.0312034,,,
23,0.00189315,,,
23,0.116273,,,
23,0.00116619,,,
23,0.00179652,,,
23,0.00132141,,,
23,0.00145997,,,
23,1.04443,,,
23,0.0173604,,,
23,1.13718,,,
23,0.100741,,,
23,0.000440455,,,
23,3.09E-05,,,
23,0.508589,,,
23,0.00354118,,,
23,0.0028131,,,
23,0.000317894,,,
23,9.07036,,,
23,0.0224106,,,
23,0.0034277,,,
23,0.223236,,,
23,4.09E-05,,,
23,0.112401,,,
23,0.726543,,,
23,0.998942,,,
23,0.0326351,,,
23,0.368712,,,
23,0.0717789,,,
23,0.050567,,,
23,0.00831959,,,
23,0.00668685,,,
23,0.0498322,,,
23,0.00834442,,,
23,1.00631,,,
23,1.11837,,,
24,0.00321819,,,
24,0.00316415,,,
24,1.00177,,,
24,0.0208067,,,
24,0.033656,,,
24,0.00503167,,,
24,0.0105502,,,
24,3.09E-05,,,
24,0.0497001,,,
24,0.112401,,,
24,0.000947145,,,
24,0.00172215,,,
24,19.5573,,,
24,0.00189315,,,
24,0.116273,,,
24,0.00116619,,,
24,19.7508,,,
24,0.000440455,,,
24,0.998942,,,
24,0.00142661,,,
24,0.00132141,,,
24,0.00130538,,,
24,1.13718,,,
24,0.100741,,,
24,0.508589,,,
24,0.00354118,,,
24,7.45593,,,
24,0.0224106,,,
24,1.00631,,,
24,4.09E-05,,,
24,0.000317894,,,
24,0.00147318,,,
24,9.07036,,,
24,0.0034277,,,
24,0.223236,,,
24,0.726543,,,
24,3.70427,,,
24,0.0312034,,,
24,0.00179652,,,
24,0.0173604,,,
24,0.0326351,,,
24,0.0717789,,,
24,0.050567,,,
24,0.00831959,,,
24,0.00668685,,,
24,0.0498322,,,
24,0.00834442,,,
24,0.0028131,,,
24,1.02097,,,
24,1.04443,,,
25,0.0028131,,,
25,0.0012088,,,
25,0.033656,,,
25,0.0105502,,,
25,0.112401,,,
25,0.00280998,,,
25,5.73118,,,
25,0.0497001,,,
25,0.223236,,,
25,0.000440455,,,
25,0.000947145,,,
25,0.00147318,,,
25,0.00189315,,,
25,0.116273,,,
25,0.00116619,,,
25,4.05614,,,
25,0.998942,,,
25,0.0208067,,,
25,0.358706,,,
25,0.0173604,,,
25,0.000725204,,,
25,0.00130538,,,
25,0.0961465,,,
25,0.100741,,,
25,0.508589,,,
25,0.00354118,,,
25,27.91,,,
25,4.09E-05,,,
25,0.00503167,,,
25,0.0312034,,,
25,0.000317894,,,
25,0.00013964,,,
25,9.07036,,,
25,0.0034277,,,
25,0.726543,,,
25,0.00179652,,,
25,0.000162294,,,
25,0.00142661,,,
25,3.09E-05,,,
25,0.0224106,,,
25,0.0326351,,,
25,0.00831959,,,
25,0.00668685,,,
25,0.0498322,,,
25,0.00834442,,,
25,0.00316415,,,
25,0.00321819,,,
25,0.00172215,,,
25,1.00177,,,
25,1.00631,,,
26,0.00172215,,,
26,0.0012088,,,
26,0.112401,,,
26,5.73118,,,
26,0.0497001,,,
26,0.223236,,,
26,7.2839,,,
26,0.116273,,,
26,0.0312034,,,
26,0.0105502,,,
26,0.000947145,,,
26,0.00147318,,,
26,0.00189315,,,
26,0.998942,,,
26,0.358706,,,
26,0.0173604,,,
26,6.05285,,,
26,0.00116619,,,
26,0.00142661,,,
26,0.000162294,,,
26,0.000725204,,,
26,0.00130538,,,
26,0.100741,,,
26,0.00354118,,,
26,4.09E-05,,,
26,0.00503167,,,
26,4.23103,,,
26,0.00280998,,,
26,0.0961465,,,
26,3.09E-05,,,
26,0.000317894,,,
26,0.00013964,,,
26,0.0034277,,,
26,0.726543,,,
26,0.00179652,,,
26,0.0224106,,,
26,20.9766,,,
26,0.000440455,,,
26,0.0208067,,,
26,0.033656,,,
26,0.0326351,,,
26,0.00831959,,,
26,0.00668685,,,
26,0.0498322,,,
26,0.00834442,,,
26,0.00316415,,,
26,0.00321819,,,
26,0.0028131,,,
26,0.508589,,,
26,1.00177,,,
27,0.000860405,,,
27,0.0012088,,,
27,0.112401,,,
27,7.2839,,,
27,0.0312034,,,
27,0.0105502,,,
27,0.00645799,,,
27,0.0961465,,,
27,0.0173604,,,
27,0.0497001,,,
27,0.000947145,,,
27,0.00147318,,,
27,0.000583939,,,
27,0.00116619,,,
27,0.00142661,,,
27,0.000162294,,,
27,7.52095,,,
27,0.0034277,,,
27,0.507558,,,
27,0.116273,,,
27,0.000725204,,,
27,0.00130538,,,
27,4.09E-05,,,
27,0.00503167,,,
27,4.23103,,,
27,0.00280998,,,
27,3.09E-05,,,
27,0.0224106,,,
27,0.00354118,,,
27,0.100741,,,
27,0.000317894,,,
27,0.00013964,,,
27,0.000440455,,,
27,0.0208067,,,
27,0.033656,,,
27,1.23285,,,
27,10.0924,,,
27,0.00179652,,,
27,0.223236,,,
27,0.358706,,,
27,0.0326351,,,
27,0.00831959,,,
27,0.00668685,,,
27,0.00834442,,,
27,0.00316415,,,
27,0.00321819,,,
27,0.0028131,,,
27,0.00378895,,,
27,0.508589,,,
27,0.726543,,,
28,0.000860405,,,
28,0.0012088,,,
28,7.2839,,,
28,0.0173604,,,
28,0.0497001,,,
28,0.306457,,,
28,19.9121,,,
28,0.0312034,,,
28,0.0034277,,,
28,0.00280998,,,
28,0.000947145,,,
28,0.0014572,,,
28,0.000583939,,,
28,0.00116619,,,
28,0.00142661,,,
28,7.52095,,,
28,19.5291,,,
28,0.00645799,,,
28,0.00179652,,,
28,0.00503167,,,
28,0.000725204,,,
28,0.00130538,,,
28,4.09E-05,,,
28,4.23103,,,
28,3.09E-05,,,
28,0.0224106,,,
28,0.00354118,,,
28,0.0105502,,,
28,0.033656,,,
28,0.0961465,,,
28,0.000317894,,,
28,0.00013964,,,
28,0.000440455,,,
28,0.0208067,,,
28,10.0924,,,
28,20.1017,,,
28,16.8672,,,
28,0.000162294,,,
28,0.112401,,,
28,0.100741,,,
28,0.0326351,,,
28,0.00831959,,,
28,0.00668685,,,
28,0.00834442,,,
28,0.00316415,,,
28,0.00321819,,,
28,0.0028131,,,
28,0.00378895,,,
28,0.116273,,,
28,0.223236,,,
29,9.07E-06,,,
29,0.0012088,,,
29,0.306457,,,
29,0.0312034,,,
29,0.00280998,,,
29,13.9987,,,
29,0.00294574,,,
29,0.0105502,,,
29,0.0497001,,,
29,0.0173604,,,
29,0.000711285,,,
29,0.0014572,,,
29,0.000583939,,,
29,0.00142661,,,
29,19.5291,,,
29,0.00503167,,,
29,16.5758,,,
29,0.000440455,,,
29,0.100741,,,
29,0.00645799,,,
29,0.000697981,,,
29,6.64E-05,,,
29,4.09E-05,,,
29,4.23103,,,
29,0.0224106,,,
29,0.00354118,,,
29,13.4969,,,
29,0.033656,,,
29,0.0961465,,,
29,0.00179652,,,
29,0.000317894,,,
29,0.00013964,,,
29,0.0208067,,,
29,10.0924,,,
29,16.8672,,,
29,0.000162294,,,
29,20.2275,,,
29,0.0034277,,,
29,0.00116619,,,
29,3.09E-05,,,
29,0.00831959,,,
29,0.00668685,,,
29,0.00834442,,,
29,0.00316415,,,
29,0.00321819,,,
29,0.0028131,,,
29,0.00378895,,,
29,0.0018261,,,
29,0.112401,,,
29,0.116273,,,
30,9.07E-06,,,
30,0.0012088,,,
30,13.9987,,,
30,0.00294574,,,
30,0.0497001,,,
30,20.4022,,,
30,14.2136,,,
30,0.00280998,,,
30,0.0312034,,,
30,0.00354118,,,
30,0.000711285,,,
30,0.00102461,,,
30,0.000583939,,,
30,0.00142661,,,
30,0.100741,,,
30,0.00645799,,,
30,11.4932,,,
30,0.0208067,,,
30,0.00179652,,,
30,0.00116619,,,
30,0.000564827,,,
30,6.64E-05,,,
30,4.09E-05,,,
30,1.17258,,,
30,0.0224106,,,
30,0.000985101,,,
30,22.3048,,,
30,0.000440455,,,
30,0.00503167,,,
30,0.0105502,,,
30,0.000317894,,,
30,0.00013964,,,
30,10.0924,,,
30,16.8672,,,
30,20.2275,,,
30,3.09E-05,,,
30,10.4288,,,
30,0.0034277,,,
30,0.0173604,,,
30,0.000162294,,,
30,0.00831959,,,
30,0.00668685,,,
30,0.00316415,,,
30,0.00321819,,,
30,0.0028131,,,
30,0.00378895,,,
30,0.0018261,,,
30,0.000726735,,,
30,0.033656,,,
30,0.0961465,,,
31,9.07E-06,,,
31,0.000576854,,,
31,0.0497001,,,
31,14.7185,,,
31,0.00280998,,,
31,0.0312034,,,
31,8.68406,,,
31,0.0173604,,,
31,0.000801806,,,
31,0.0224106,,,
31,3.89E-05,,,
31,0.000434133,,,
31,0.00645799,,,
31,0.0208067,,,
31,0.00116619,,,
31,16.6749,,,
31,18.0066,,,
31,0.000162294,,,
31,0.0034277,,,
31,0.00179652,,,
31,0.000564827,,,
31,6.64E-05,,,
31,4.09E-05,,,
31,10.1328,,,
31,0.000440455,,,
31,0.00503167,,,
31,0.000399776,,,
31,3.09E-05,,,
31,0.00294574,,,
31,0.00354118,,,
31,0.000317894,,,
31,0.00013964,,,
31,10.0924,,,
31,16.8672,,,
31,16.2053,,,
31,1.49442,,,
31,10.5705,,,
31,0.000985101,,,
31,0.000583939,,,
31,0.00142661,,,
31,0.00668685,,,
31,0.00316415,,,
31,0.00321819,,,
31,0.0028131,,,
31,0.00378895,,,
31,0.0018261,,,
31,0.000726735,,,
31,0.000589542,,,
31,0.033656,,,
31,0.0961465,,,
32,9.07E-06,,,
32,0.000317894,,,
32,0.0497001,,,
32,0.0312034,,,
32,8.68406,,,
32,0.0173604,,,
32,0.000801806,,,
32,0.00503167,,,
32,0.0202287,,,
32,0.00015618,,,
32,3.89E-05,,,
32,0.000434133,,,
32,0.00645799,,,
32,16.6749,,,
32,18.0066,,,
32,0.0034277,,,
32,1.46373,,,
32,0.00354118,,,
32,0.000162294,,,
32,0.00179652,,,
32,0.000465174,,,
32,6.64E-05,,,
32,3.04634,,,
32,3.09E-05,,,
32,0.00294574,,,
32,0.00147976,,,
32,10.2062,,,
32,0.000399776,,,
32,0.000440455,,,
32,0.00116619,,,
32,0.00013964,,,
32,7.50E-05,,,
32,0.52692,,,
32,16.2053,,,
32,10.5705,,,
32,0.000985101,,,
32,0.00142661,,,
32,0.00280998,,,
32,0.000583939,,,
32,4.09E-05,,,
32,0.00316415,,,
32,0.00321819,,,
32,0.0028131,,,
32,0.0018261,,,
32,0.000726735,,,
32,0.000589542,,,
32,0.00223992,,,
32,0.000576854,,,
32,0.0208067,,,
32,0.0224106,,,
33,9.07E-06,,,
33,0.000317894,,,
33,8.68406,,,
33,0.00503167,,,
33,0.0202287,,,
33,0.00015618,,,
33,0.822019,,,
33,0.000162294,,,
33,0.000801806,,,
33,0.000583939,,,
33,3.89E-05,,,
33,0.000434133,,,
33,18.0066,,,
33,1.46373,,,
33,0.00354118,,,
33,0.00179652,,,
33,9.96897,,,
33,0.00645799,,,
33,0.000440455,,,
33,4.09E-05,,,
33,0.000217085,,,
33,2.42E-05,,,
33,3.04634,,,
33,3.09E-05,,,
33,0.00147976,,,
33,0.0587231,,,
33,0.000399776,,,
33,0.0208067,,,
33,0.00116619,,,
33,0.00294574,,,
33,3.22E-05,,,
33,7.50E-05,,,
33,16.2053,,,
33,10.5705,,,
33,0.000985101,,,
33,0.00142661,,,
33,0.00280998,,,
33,0.0173604,,,
33,0.0123227,,,
33,0.0034277,,,
33,0.00316415,,,
33,0.00321819,,,
33,0.0028131,,,
33,0.0018261,,,
33,0.000726735,,,
33,0.000589542,,,
33,0.00223992,,,
33,0.000576854,,,
33,0.0224106,,,
33,0.0312034,,,
34,9.07E-06,,,
34,7.37E-06,,,
34,8.68406,,,
34,0.00015618,,,
34,0.000162294,,,
34,0.000801806,,,
34,0.000121659,,,
34,0.00116619,,,
34,4.09E-05,,,
34,0.0123227,,,
34,3.89E-05,,,
34,0.000317894,,,
34,16.2747,,,
34,1.46373,,,
34,0.00645799,,,
34,0.75269,,,
34,19.8786,,,
34,0.000440455,,,
34,0.000399776,,,
34,0.00294574,,,
34,1.88E-05,,,
34,2.42E-05,,,
34,1.05E-08,,,
34,3.09E-05,,,
34,0.00147976,,,
34,0.0587231,,,
34,2.78755,,,
34,0.000583939,,,
34,0.00179652,,,
34,0.00354118,,,
34,3.22E-05,,,
34,7.50E-05,,,
34,0.00142661,,,
34,0.00280998,,,
34,0.0173604,,,
34,0.0034277,,,
34,18.1349,,,
34,0.00503167,,,
34,0.0202287,,,
34,0.000985101,,,
34,0.00316415,,,
34,0.0028131,,,
34,0.0018261,,,
34,0.000726735,,,
34,0.000589542,,,
34,0.00223992,,,
34,0.000576854,,,
34,0.000434133,,,
34,0.0208067,,,
34,0.0224106,,,
35,9.07E-06,,,
35,7.37E-06,,,
35,8.68406,,,
35,0.00015618,,,
35,0.000162294,,,
35,0.00116619,,,
35,21.9258,,,
35,0.00503167,,,
35,0.0123227,,,
35,0.000440455,,,
35,3.89E-05,,,
35,0.000317894,,,
35,0.00645799,,,
35,0.378981,,,
35,0.000399776,,,
35,0.00294574,,,
35,14.7306,,,
35,0.00179652,,,
35,4.09E-05,,,
35,0.000985101,,,
35,1.88E-05,,,
35,2.42E-05,,,
35,1.05E-08,,,
35,0.00147976,,,
35,2.78755,,,
35,0.000583939,,,
35,9.34296,,,
35,0.000121659,,,
35,0.0173604,,,
35,3.09E-05,,,
35,3.22E-05,,,
35,7.50E-05,,,
35,0.00142661,,,
35,0.00280998,,,
35,0.0034277,,,
35,21.9085,,,
35,16.6237,,,
35,0.00354118,,,
35,0.000801806,,,
35,0.0202287,,,
35,0.00316415,,,
35,0.0028131,,,
35,0.0018261,,,
35,0.000726735,,,
35,0.000589542,,,
35,0.00223992,,,
35,0.000576854,,,
35,0.000434133,,,
35,0.0208067,,,
35,0.0224106,,,
36,9.07E-06,,,
36,7.37E-06,,,
36,6.01246,,,
36,0.00015618,,,
36,0.000162294,,,
36,0.00116619,,,
36,0.0123227,,,
36,0.00142661,,,
36,3.09E-05,,,
36,0.000399776,,,
36,3.89E-05,,,
36,0.000317894,,,
36,0.00294574,,,
36,14.7306,,,
36,0.00179652,,,
36,0.000985101,,,
36,0.0128479,,,
36,4.09E-05,,,
36,0.0034277,,,
36,0.0208067,,,
36,1.88E-05,,,
36,2.42E-05,,,
36,1.05E-08,,,
36,0.00147976,,,
36,9.34296,,,
36,0.0173604,,,
36,19.89,,,
36,0.000583939,,,
36,0.00645799,,,
36,0.000440455,,,
36,3.22E-05,,,
36,7.50E-05,,,
36,0.00280998,,,
36,0.0161401,,,
36,0.00354118,,,
36,0.000801806,,,
36,11.8435,,,
36,0.00503167,,,
36,0.0202287,,,
36,0.000121659,,,
36,0.00316415,,,
36,0.0028131,,,
36,0.0018261,,,
36,0.000726735,,,
36,0.000589542,,,
36,0.00223992,,,
36,0.000576854,,,
36,0.000434133,,,
36,0.0224106,,,
36,0.0611298,,,
37,9.07E-06,,,
37,7.37E-06,,,
37,0.00015618,,,
37,0.000162294,,,
37,0.00116619,,,
37,22.219,,,
37,17.7196,,,
37,0.000399776,,,
37,3.09E-05,,,
37,0.00142661,,,
37,3.89E-05,,,
37,0.000104146,,,
37,0.00294574,,,
37,1.83178,,,
37,4.09E-05,,,
37,0.0034277,,,
37,18.4813,,,
37,0.000121659,,,
37,0.00147976,,,
37,0.00503167,,,
37,1.88E-05,,,
37,2.42E-05,,,
37,1.05E-08,,,
37,19.89,,,
37,0.00645799,,,
37,7.11511,,,
37,4.04849,,,
37,0.00179652,,,
37,0.000440455,,,
37,0.000801806,,,
37,3.22E-05,,,
37,3.16E-05,,,
37,0.00280998,,,
37,0.0161401,,,
37,0.00354118,,,
37,10.6524,,,
37,0.0202287,,,
37,0.000985101,,,
37,0.0123227,,,
37,0.000583939,,,
37,0.0028131,,,
37,0.0018261,,,
37,0.000726735,,,
37,0.000589542,,,
37,0.00223992,,,
37,0.000576854,,,
37,0.000434133,,,
37,0.000317894,,,
37,0.0128479,,,
37,0.0173604,,,
38,9.07E-06,,,
38,7.37E-06,,,
38,0.00116619,,,
38,11.8562,,,
38,0.000399776,,,
38,3.09E-05,,,
38,4.23488,,,
38,0.000985101,,,
38,4.09E-05,,,
38,0.00147976,,,
38,3.89E-05,,,
38,0.000104146,,,
38,0.00294574,,,
38,5.83655,,,
38,0.000121659,,,
38,0.00503167,,,
38,20.1455,,,
38,0.00142661,,,
38,0.000162294,,,
38,0.000583939,,,
38,1.88E-05,,,
38,2.42E-05,,,
38,19.89,,,
38,0.00645799,,,
38,7.11511,,,
38,4.04849,,,
38,0.000440455,,,
38,0.000801806,,,
38,1.05E-08,,,
38,0.00015618,,,
38,3.22E-05,,,
38,3.16E-05,,,
38,0.00280998,,,
38,0.0161401,,,
38,10.6524,,,
38,0.0202287,,,
38,0.0123227,,,
38,0.000218737,,,
38,0.00179652,,,
38,0.0034277,,,
38,0.0018261,,,
38,0.000726735,,,
38,0.000589542,,,
38,0.00223992,,,
38,0.000576854,,,
38,0.000434133,,,
38,0.000317894,,,
38,0.000224924,,,
38,0.00354118,,,
38,0.0128479,,,
39,9.07E-06,,,
39,7.37E-06,,,
39,0.00116619,,,
39,11.8562,,,
39,3.09E-05,,,
39,4.09E-05,,,
39,11.3354,,,
39,0.00354118,,,
39,0.00147976,,,
39,0.00280998,,,
39,3.89E-05,,,
39,0.000104146,,,
39,0.00294574,,,
39,5.83655,,,
39,0.00142661,,,
39,0.000162294,,,
39,22.2482,,,
39,0.00503167,,,
39,0.000399776,,,
39,0.000985101,,,
39,4.30E-06,,,
39,2.83E-07,,,
39,7.11511,,,
39,0.000440455,,,
39,0.000801806,,,
39,0.00015618,,,
39,0.230226,,,
39,0.000583939,,,
39,0.0034277,,,
39,0.000121659,,,
39,3.22E-05,,,
39,3.16E-05,,,
39,0.0161401,,,
39,10.6524,,,
39,0.0202287,,,
39,0.0123227,,,
39,0.00179652,,,
39,4.21E-05,,,
39,0.000218737,,,
39,1.05E-08,,,
39,0.0018261,,,
39,0.000726735,,,
39,0.000589542,,,
39,0.00223992,,,
39,0.000576854,,,
39,0.000434133,,,
39,0.000317894,,,
39,0.000224924,,,
39,0.0128479,,,
39,0.0945292,,,
40,9.07E-06,,,
40,7.37E-06,,,
40,3.09E-05,,,
40,4.09E-05,,,
40,11.3354,,,
40,0.00147976,,,
40,1.86215,,,
40,0.00280998,,,
40,0.000440455,,,
40,0.000121659,,,
40,3.22E-05,,,
40,0.000104146,,,
40,5.83655,,,
40,22.2482,,,
40,0.00503167,,,
40,0.000399776,,,
40,0.000985101,,,
40,0.00294574,,,
40,0.00142661,,,
40,0.0128479,,,
40,4.30E-06,,,
40,2.83E-07,,,
40,0.000801806,,,
40,0.00015618,,,
40,0.230226,,,
40,0.000583939,,,
40,21.4904,,,
40,0.0123227,,,
40,0.000162294,,,
40,0.00354118,,,
40,2.32E-05,,,
40,2.64E-05,,,
40,7.94178,,,
40,4.21E-05,,,
40,0.000218737,,,
40,1.05E-08,,,
40,0.0758727,,,
40,0.00116619,,,
40,0.0034277,,,
40,2.58E-05,,,
40,0.0018261,,,
40,0.000726735,,,
40,0.000589542,,,
40,0.000576854,,,
40,0.000434133,,,
40,0.000317894,,,
40,0.000224924,,,
40,3.89E-05,,,
40,0.0161401,,,
40,0.0202287,,,
41,9.07E-06,,,
41,7.37E-06,,,
41,3.09E-05,,,
41,4.09E-05,,,
41,1.86215,,,
41,0.00280998,,,
41,2.93139,,,
41,0.00015618,,,
41,0.00503167,,,
41,0.000440455,,,
41,2.64E-05,,,
41,0.000104146,,,
41,5.83655,,,
41,22.2482,,,
41,0.000985101,,,
41,0.0128479,,,
41,3.73059,,,
41,2.58E-05,,,
41,0.000121659,,,
41,0.00294574,,,
41,4.30E-06,,,
41,2.83E-07,,,
41,0.000722761,,,
41,0.000583939,,,
41,0.000162294,,,
41,0.00354118,,,
41,19.6642,,,
41,0.00142661,,,
41,0.000399776,,,
41,0.0123227,,,
41,2.32E-05,,,
41,1.67E-07,,,
41,4.21E-05,,,
41,1.05E-08,,,
41,0.00116619,,,
41,0.0034277,,,
41,8.74E-07,,,
41,0.0161401,,,
41,0.00147976,,,
41,0.000218737,,,
41,0.000726735,,,
41,0.000589542,,,
41,0.000576854,,,
41,0.000434133,,,
41,0.000317894,,,
41,0.000224924,,,
41,3.89E-05,,,
41,3.22E-05,,,
41,0.0202287,,,
41,0.0758727,,,
42,9.07E-06,,,
42,7.37E-06,,,
42,3.09E-05,,,
42,4.09E-05,,,
42,0.000440455,,,
42,21.5072,,,
42,10.4313,,,
42,0.00294574,,,
42,3.66E-05,,,
42,0.00015618,,,
42,2.64E-05,,,
42,3.22E-05,,,
42,0.0128479,,,
42,0.00342305,,,
42,2.58E-05,,,
42,0.000121659,,,
42,0.361164,,,
42,0.000583939,,,
42,0.000162294,,,
42,8.74E-07,,,
42,4.30E-06,,,
42,2.83E-07,,,
42,0.000722761,,,
42,19.6642,,,
42,0.000399776,,,
42,0.0123227,,,
42,0.111908,,,
42,0.000985101,,,
42,1.05E-08,,,
42,0.00142661,,,
42,2.32E-05,,,
42,1.67E-07,,,
42,0.00116619,,,
42,0.0034277,,,
42,0.0161401,,,
42,0.000218737,,,
42,6.06E-05,,,
42,0.00147976,,,
42,0.00280998,,,
42,4.21E-05,,,
42,0.000576854,,,
42,0.000434133,,,
42,0.000317894,,,
42,0.000224924,,,
42,3.89E-05,,,
42,0.000104146,,,
42,5.56E-05,,,
42,0.000464273,,,
42,0.00354118,,,
42,0.00503167,,,
43,9.07E-06,,,
43,7.37E-06,,,
43,3.09E-05,,,
43,4.09E-05,,,
43,16.1958,,,
43,3.66E-05,,,
43,7.6666,,,
43,0.000440455,,,
43,0.000162294,,,
43,4.21E-05,,,
43,2.64E-05,,,
43,2.41E-05,,,
43,0.0128479,,,
43,0.361164,,,
43,0.000583939,,,
43,14.1028,,,
43,14.2424,,,
43,8.74E-07,,,
43,0.000985101,,,
43,6.06E-05,,,
43,4.30E-06,,,
43,2.83E-07,,,
43,0.000722761,,,
43,19.6642,,,
43,0.0123227,,,
43,1.05E-08,,,
43,0.000207668,,,
43,0.00294574,,,
43,0.000121659,,,
43,0.00015618,,,
43,2.32E-05,,,
43,1.67E-07,,,
43,0.00116619,,,
43,0.000218737,,,
43,0.00147976,,,
43,0.00280998,,,
43,5.79352,,,
43,0.000399776,,,
43,2.58E-05,,,
43,0.00142661,,,
43,0.000434133,,,
43,0.000317894,,,
43,0.000224924,,,
43,3.89E-05,,,
43,0.000104146,,,
43,5.56E-05,,,
43,0.000464273,,,
43,0.000211644,,,
43,0.00342305,,,
43,0.0034277,,,
44,7.83E-07,,,
44,7.37E-06,,,
44,1.29249,,,
44,3.66E-05,,,
44,0.000162294,,,
44,0.263557,,,
44,3.2876,,,
44,0.000121659,,,
44,8.74E-07,,,
44,0.000440455,,,
44,2.41E-05,,,
44,3.03E-06,,,
44,0.0128479,,,
44,0.361164,,,
44,14.1028,,,
44,0.000985101,,,
44,5.00E-06,,,
44,0.000583939,,,
44,4.09E-05,,,
44,0.000722761,,,
44,7.62E-07,,,
44,2.83E-07,,,
44,0.0123227,,,
44,1.05E-08,,,
44,0.000207668,,,
44,0.00294574,,,
44,18.5157,,,
44,2.58E-05,,,
44,0.00015618,,,
44,4.21E-05,,,
44,1.67E-07,,,
44,1.50E-05,,,
44,0.00116619,,,
44,0.000218737,,,
44,0.00147976,,,
44,0.00280998,,,
44,1.16E-05,,,
44,6.06E-05,,,
44,0.000399776,,,
44,3.09E-05,,,
44,0.000317894,,,
44,0.000224924,,,
44,3.89E-05,,,
44,0.000104146,,,
44,5.56E-05,,,
44,0.000211644,,,
44,2.64E-05,,,
44,2.32E-05,,,
44,0.00142661,,,
44,0.00342305,,,
45,7.83E-07,,,
45,7.37E-06,,,
45,1.29249,,,
45,3.66E-05,,,
45,0.263557,,,
45,3.2876,,,
45,8.74E-07,,,
45,0.000162294,,,
45,5.00E-06,,,
45,1.25E-05,,,
45,1.17E-05,,,
45,3.03E-06,,,
45,11.7075,,,
45,0.000985101,,,
45,0.000583939,,,
45,4.09E-05,,,
45,18.772,,,
45,0.000399776,,,
45,7.04E-06,,,
45,2.58E-05,,,
45,7.62E-07,,,
45,2.83E-07,,,
45,0.0123227,,,
45,0.00294574,,,
45,0.00015618,,,
45,4.21E-05,,,
45,1.22E-05,,,
45,0.000121659,,,
45,6.06E-05,,,
45,0.000207668,,,
45,1.67E-07,,,
45,6.21E-06,,,
45,0.00116619,,,
45,0.000218737,,,
45,0.00147976,,,
45,0.00280998,,,
45,3.09E-05,,,
45,0.000440455,,,
45,1.05E-08,,,
45,1.16E-05,,,
45,3.89E-05,,,
45,0.000104146,,,
45,5.56E-05,,,
45,0.000211644,,,
45,2.64E-05,,,
45,2.41E-05,,,
45,2.32E-05,,,
45,1.50E-05,,,
45,0.000722761,,,
45,0.00142661,,,
46,7.83E-07,,,
46,7.37E-06,,,
46,1.29249,,,
46,3.66E-05,,,
46,0.404545,,,
46,0.000162294,,,
46,5.00E-06,,,
46,1.22E-05,,,
46,0.000722761,,,
46,8.74E-07,,,
46,1.17E-05,,,
46,3.03E-06,,,
46,11.7075,,,
46,18.772,,,
46,8.91E-07,,,
46,2.58E-05,,,
46,10.7904,,,
46,4.09E-05,,,
46,0.000399776,,,
46,1.05E-08,,,
46,7.62E-07,,,
46,2.83E-07,,,
46,0.0123227,,,
46,0.000121659,,,
46,6.06E-05,,,
46,0.000207668,,,
46,13.7048,,,
46,0.000583939,,,
46,1.16E-05,,,
46,0.00015618,,,
46,1.67E-07,,,
46,6.21E-06,,,
46,0.00116619,,,
46,0.000218737,,,
46,0.000440455,,,
46,18.3999,,,
46,1.02,,,
46,3.09E-05,,,
46,4.21E-05,,,
46,1.25E-05,,,
46,3.89E-05,,,
46,0.000104146,,,
46,5.56E-05,,,
46,0.000211644,,,
46,2.64E-05,,,
46,2.41E-05,,,
46,2.32E-05,,,
46,1.50E-05,,,
46,0.000985101,,,
46,0.00142661,,,
47,7.83E-07,,,
47,1.26E-06,,,
47,5.00E-06,,,
47,1.22E-05,,,
47,0.000722761,,,
47,8.74E-07,,,
47,1.83749,,,
47,0.000399776,,,
47,3.66E-05,,,
47,1.16E-05,,,
47,7.37E-06,,,
47,3.03E-06,,,
47,2.58E-05,,,
47,4.87462,,,
47,4.09E-05,,,
47,20.2382,,,
47,12.8842,,,
47,1.05E-08,,,
47,0.000207668,,,
47,0.000121659,,,
47,7.62E-07,,,
47,2.83E-07,,,
47,6.06E-05,,,
47,0.000583939,,,
47,0.00015618,,,
47,9.40438,,,
47,1.10952,,,
47,0.000440455,,,
47,0.000985101,,,
47,1.25E-05,,,
47,1.67E-07,,,
47,6.21E-06,,,
47,0.000218737,,,
47,18.3999,,,
47,1.02,,,
47,3.09E-05,,,
47,4.21E-05,,,
47,2.11E-06,,,
47,0.000162294,,,
47,8.91E-07,,,
47,3.89E-05,,,
47,0.000104146,,,
47,5.56E-05,,,
47,2.64E-05,,,
47,2.41E-05,,,
47,2.32E-05,,,
47,1.50E-05,,,
47,1.17E-05,,,
47,0.00116619,,,
47,0.00142661,,,
48,7.83E-07,,,
48,8.79E-07,,,
48,4.42E-07,,,
48,1.83749,,,
48,0.000399776,,,
48,3.66E-05,,,
48,1.16E-05,,,
48,8.74E-07,,,
48,5.00E-06,,,
48,0.000722761,,,
48,7.37E-06,,,
48,3.03E-06,,,
48,2.58E-05,,,
48,4.09E-05,,,
48,20.2382,,,
48,0.000207668,,,
48,10.3882,,,
48,8.91E-07,,,
48,6.06E-05,,,
48,0.00116619,,,
48,7.62E-07,,,
48,2.83E-07,,,
48,0.000583939,,,
48,0.00015618,,,
48,0.000440455,,,
48,0.000985101,,,
48,10.3228,,,
48,0.000121659,,,
48,1.02,,,
48,1.25E-05,,,
48,1.67E-07,,,
48,4.45E-06,,,
48,0.000218737,,,
48,4.21E-05,,,
48,2.11E-06,,,
48,0.000162294,,,
48,1.02033,,,
48,1.05E-08,,,
48,0.00142661,,,
48,3.09E-05,,,
48,3.89E-05,,,
48,0.000104146,,,
48,5.56E-05,,,
48,2.64E-05,,,
48,2.41E-05,,,
48,2.32E-05,,,
48,1.50E-05,,,
48,1.17E-05,,,
48,1.08068,,,
48,1.10952,,,
49,7.83E-07,,,
49,8.79E-07,,,
49,4.42E-07,,,
49,3.66E-05,,,
49,5.00E-06,,,
49,0.000722761,,,
49,16.2211,,,
49,0.000121659,,,
49,0.000399776,,,
49,0.000440455,,,
49,7.37E-06,,,
49,2.91E-06,,,
49,2.58E-05,,,
49,11.0233,,,
49,10.3882,,,
49,0.00116619,,,
49,17.1646,,,
49,6.06E-05,,,
49,8.74E-07,,,
49,1.16E-05,,,
49,7.62E-07,,,
49,2.83E-07,,,
49,0.000583939,,,
49,0.000985101,,,
49,10.3228,,,
49,1.25E-05,,,
49,22.0652,,,
49,0.000218737,,,
49,0.000207668,,,
49,0.00015618,,,
49,1.67E-07,,,
49,4.45E-06,,,
49,4.21E-05,,,
49,0.000162294,,,
49,1.05E-08,,,
49,0.00142661,,,
49,3.09E-05,,,
49,4.09E-05,,,
49,2.11E-06,,,
49,8.91E-07,,,
49,3.89E-05,,,
49,0.000104146,,,
49,5.56E-05,,,
49,2.64E-05,,,
49,2.41E-05,,,
49,2.32E-05,,,
49,1.50E-05,,,
49,1.17E-05,,,
49,1.01663,,,
49,1.02,,,
50,7.83E-07,,,
50,8.79E-07,,,
50,3.66E-05,,,
50,5.00E-06,,,
50,0.000722761,,,
50,0.000121659,,,
50,0.000399776,,,
50,4.09E-05,,,
50,2.58E-05,,,
50,4.42E-07,,,
50,7.37E-06,,,
50,2.91E-06,,,
50,11.0233,,,
50,0.00116619,,,
50,0.400887,,,
50,8.74E-07,,,
50,1.16E-05,,,
50,8.91E-07,,,
50,0.000207668,,,
50,0.00015618,,,
50,7.62E-07,,,
50,2.83E-07,,,
50,0.000583939,,,
50,10.3228,,,
50,1.25E-05,,,
50,3.46336,,,
50,18.6859,,,
50,0.000985101,,,
50,1.05E-08,,,
50,6.06E-05,,,
50,1.67E-07,,,
50,4.45E-06,,,
50,4.21E-05,,,
50,0.000162294,,,
50,3.09E-05,,,
50,2.11E-06,,,
50,1.0613,,,
50,0.000440455,,,
50,0.00142661,,,
50,0.000218737,,,
50,3.89E-05,,,
50,0.000104146,,,
50,5.56E-05,,,
50,2.64E-05,,,
50,2.41E-05,,,
50,2.32E-05,,,
50,1.50E-05,,,
50,1.17E-05,,,
50,1.01437,,,
50,1.01663,,,
