1, 0.569506
1,  0.413201
1,  2.10524
1,  2.05603
1,  2.18387
1,  1.71749
1,  0.840567
1,  0.25792
1,  0.147234
1,  0.902444
1,  0.76697
1,  1.41337
1,  0.942197
1,  1.73991
1,  0.683453
1,  0.697274
1,  1.43233
1,  0.261551
1,  0.175873
1,  0.784975
1,  0.0104712
1,  0.176516
1,  2.63768
1,  0.576301
1,  2.63768
1,  2.94143
1,  0.0465659
1,  0.0919464
1,  0.00914557
1,  0.0938891
1,  0.179778
1,  0.0625397
1,  1.10952
1,  0.338422
1,  0.132502
1,  0.106875
1,  0.24325
1,  0.633076
1,  0.0433971
1,  0.0946142
1,  1.25456
1,  0.635914
1,  1.83298
1,  1.35412
1,  1.13188
1,  0.719419
1,  1.06291
1,  0.571654
1,  1.01506
1,  1.14019
2, 0.356605
2,  0.249224
2,  2.05603
2,  0.25792
2,  0.147234
2,  0.902444
2,  2.67167
2,  0.0938891
2,  0.0433971
2,  0.132502
2,  0.441223
2,  1.06291
2,  0.942197
2,  1.43233
2,  0.175873
2,  0.784975
2,  1.83312
2,  0.0919464
2,  0.333494
2,  0.0741319
2,  0.0104712
2,  0.103969
2,  0.576301
2,  2.63768
2,  2.63768
2,  0.00914557
2,  0.94662
2,  0.0465659
2,  0.697274
2,  0.18698
2,  0.1424
2,  0.0625397
2,  0.106875
2,  0.108296
2,  0.0946142
2,  0.770977
2,  1.4718
2,  0.261551
2,  0.230945
2,  0.633076
2,  0.76697
2,  0.176516
2,  0.719419
2,  0.571654
2,  0.569506
2,  0.635914
2,  0.907028
2,  0.413201
2,  0.840567
2,  0.872528
3, 0.356605
3,  0.249224
3,  0.147234
3,  0.902444
3,  2.63768
3,  0.0433971
3,  1.15729
3,  0.0919464
3,  0.132502
3,  0.0465659
3,  0.103969
3,  0.413201
3,  0.942197
3,  0.175873
3,  0.784975
3,  1.83312
3,  0.88991
3,  0.0741319
3,  0.0938891
3,  0.108296
3,  0.0104712
3,  0.0994533
3,  0.483646
3,  2.31689
3,  0.00914557
3,  0.18698
3,  0.977227
3,  0.0444116
3,  0.333494
3,  0.261551
3,  0.1424
3,  0.0625397
3,  0.0946142
3,  0.770977
3,  0.230945
3,  0.633076
3,  2.53859
3,  0.106875
3,  0.160138
3,  0.176842
3,  0.441223
3,  0.712043
3,  0.571654
3,  0.635914
3,  0.569506
3,  0.460428
3,  0.466665
3,  0.176516
3,  0.697274
3,  0.840567
4, 0.152087
4,  0.0963977
4,  0.147234
4,  0.902444
4,  0.0296898
4,  0.0465659
4,  0.449048
4,  0.176842
4,  0.0444116
4,  0.0114367
4,  0.103969
4,  0.0537511
4,  0.942197
4,  0.175873
4,  0.784975
4,  1.83312
4,  2.01408
4,  0.132502
4,  0.0938891
4,  0.0741319
4,  0.0104712
4,  0.0589713
4,  2.31689
4,  0.18698
4,  0.333494
4,  0.261551
4,  2.18429
4,  0.0919464
4,  0.108296
4,  0.483646
4,  0.0604304
4,  0.0625397
4,  0.770977
4,  0.230945
4,  0.633076
4,  0.901304
4,  0.341567
4,  0.00914557
4,  0.0840574
4,  0.160138
4,  0.441223
4,  0.460428
4,  0.466665
4,  0.176516
4,  0.356605
4,  0.413201
4,  0.168277
4,  0.202903
4,  0.697274
4,  0.73059
5, 0.152087
5,  0.0963977
5,  0.902444
5,  0.0296898
5,  0.0465659
5,  0.176842
5,  0.363114
5,  0.0938891
5,  0.261551
5,  0.0114367
5,  0.103969
5,  0.0537511
5,  1.83312
5,  0.132502
5,  0.0741319
5,  0.827919
5,  1.99886
5,  0.00914557
5,  0.200716
5,  0.0112709
5,  0.0104712
5,  0.0101003
5,  0.333494
5,  0.0919464
5,  0.108296
5,  0.483646
5,  0.374907
5,  0.18698
5,  0.147234
5,  0.175873
5,  0.0604304
5,  0.0625397
5,  0.770977
5,  0.633076
5,  0.901304
5,  0.0840574
5,  0.160138
5,  0.0444116
5,  0.089657
5,  0.341567
5,  0.441223
5,  0.356489
5,  0.466665
5,  0.176516
5,  0.25092
5,  0.413201
5,  0.168277
5,  0.202903
5,  0.449048
5,  0.527802
6, 0.152087
6,  0.0963977
6,  0.902444
6,  0.0465659
6,  0.363114
6,  0.0938891
6,  1.10032
6,  0.0112709
6,  0.0296898
6,  0.0741319
6,  0.032891
6,  0.0537511
6,  1.83312
6,  1.99886
6,  0.00914557
6,  0.200716
6,  2.35409
6,  0.089657
6,  0.261551
6,  0.160138
6,  0.0102839
6,  0.0101003
6,  0.0919464
6,  0.108296
6,  0.18698
6,  0.175873
6,  0.277077
6,  0.333494
6,  0.132502
6,  0.199612
6,  0.0604304
6,  0.0625397
6,  0.901304
6,  0.0840574
6,  0.0444116
6,  0.341567
6,  1.08788
6,  0.176842
6,  0.0114367
6,  0.147234
6,  0.356489
6,  0.176516
6,  0.25092
6,  0.168277
6,  0.202903
6,  0.190202
6,  0.163065
6,  0.279231
6,  0.349666
6,  0.374907
7, 0.0963977
7,  0.0428414
7,  0.0465659
7,  0.0938891
7,  0.0112709
7,  0.0296898
7,  1.27051
7,  0.225012
7,  0.261551
7,  0.246688
7,  0.032891
7,  0.0537511
7,  0.200716
7,  2.35409
7,  0.089657
7,  0.040225
7,  0.369743
7,  0.132502
7,  0.0741319
7,  0.00914557
7,  0.0102839
7,  0.0101003
7,  0.108296
7,  0.277077
7,  0.199612
7,  1.95178
7,  0.186252
7,  0.147234
7,  0.333494
7,  0.175873
7,  0.0604304
7,  0.0625397
7,  0.0840574
7,  0.341567
7,  0.176842
7,  0.0114367
7,  0.959155
7,  0.0919464
7,  0.0444116
7,  0.18698
7,  0.176516
7,  0.25092
7,  0.168277
7,  0.202903
7,  0.190202
7,  0.163065
7,  0.279231
7,  0.152087
7,  0.349666
7,  0.363114
8, 0.000283979
8,  0.0428414
8,  0.0465659
8,  0.0112709
8,  0.0296898
8,  0.225012
8,  0.0102665
8,  0.132502
8,  0.147234
8,  0.0919464
8,  0.032891
8,  0.0537511
8,  0.786874
8,  0.040225
8,  0.369743
8,  0.0741319
8,  0.00914557
8,  0.108296
8,  0.0114367
8,  0.0840574
8,  0.0102839
8,  0.0101003
8,  1.95178
8,  0.333494
8,  0.175873
8,  0.682519
8,  2.68676
8,  0.0938891
8,  0.199612
8,  0.200716
8,  0.0604304
8,  0.0625397
8,  0.176842
8,  0.959155
8,  0.18698
8,  0.0911691
8,  1.88328
8,  0.089657
8,  0.0444116
8,  0.186252
8,  0.176516
8,  0.25092
8,  0.168277
8,  0.202903
8,  0.157883
8,  0.163065
8,  0.152087
8,  0.198621
8,  0.246688
8,  0.261551
9, 0.000283979
9,  0.000855178
9,  0.0465659
9,  0.0296898
9,  0.0102665
9,  0.147234
9,  0.698924
9,  0.18698
9,  0.0907682
9,  0.0919464
9,  0.032891
9,  0.0428414
9,  0.040225
9,  0.369743
9,  0.00914557
9,  0.0642
9,  2.1048
9,  0.132502
9,  0.0112709
9,  0.0754557
9,  0.0102839
9,  0.0101003
9,  0.175873
9,  1.48874
9,  0.0938891
9,  0.199612
9,  0.561563
9,  0.176842
9,  0.0114367
9,  0.0741319
9,  0.0604304
9,  0.0625397
9,  0.959155
9,  0.089657
9,  0.0444116
9,  0.186252
9,  0.216577
9,  0.0911691
9,  0.174286
9,  0.0840574
9,  0.176516
9,  0.168277
9,  0.202903
9,  0.157883
9,  0.163065
9,  0.152087
9,  0.198621
9,  0.0537511
9,  0.200716
9,  0.225012
10, 0.000283979
10,  0.000855178
10,  0.0296898
10,  0.147234
10,  0.18698
10,  0.0907682
10,  0.0919464
10,  0.0102665
10,  0.0935463
10,  0.00914557
10,  0.0114897
10,  0.0428414
10,  0.369743
10,  0.0642
10,  0.823863
10,  0.0112709
10,  0.0754557
10,  0.0741319
10,  0.175873
10,  0.040225
10,  0.0102839
10,  0.0101003
10,  1.48874
10,  0.0938891
10,  0.199612
10,  0.176842
10,  0.0114367
10,  0.0840574
10,  0.0465659
10,  0.132502
10,  0.0458059
10,  0.0625397
10,  0.089657
10,  0.0444116
10,  0.216577
10,  0.174286
10,  1.80753
10,  0.186252
10,  0.0911691
10,  0.200716
10,  0.176516
10,  0.168277
10,  0.157883
10,  0.163065
10,  0.152087
10,  0.198621
10,  0.0604304
10,  0.0537511
10,  0.225012
10,  0.246834
11, 0.000283979
11,  0.000855178
11,  0.147234
11,  0.0907682
11,  0.0935463
11,  1.84818
11,  1.00697
11,  0.0114367
11,  0.186252
11,  0.00914557
11,  0.0114897
11,  0.0428414
11,  0.0642
11,  0.0754557
11,  0.175873
11,  0.040225
11,  2.0948
11,  0.0741319
11,  0.089657
11,  0.0919464
11,  0.0102839
11,  0.0101003
11,  0.0938891
11,  0.176842
11,  0.0465659
11,  1.93157
11,  2.00338
11,  0.0840574
11,  0.0102665
11,  0.18698
11,  0.0458059
11,  0.0625397
11,  0.0444116
11,  0.174286
11,  0.0453521
11,  0.200716
11,  1.9702
11,  0.0296898
11,  0.0112709
11,  0.132502
11,  0.176516
11,  0.168277
11,  0.157883
11,  0.163065
11,  0.152087
11,  0.0604304
11,  0.0537511
11,  0.0916893
11,  0.199612
11,  0.216577
12, 0.000283979
12,  0.000855178
12,  0.0935463
12,  0.0114367
12,  0.0749666
12,  0.262792
12,  3.16761
12,  0.0444116
12,  0.0102665
12,  0.147234
12,  0.0114897
12,  0.0428414
12,  0.0754557
12,  0.175873
12,  0.0741319
12,  0.0919464
12,  1.39405
12,  0.0642
12,  0.040225
12,  0.174286
12,  0.0102839
12,  0.0101003
12,  1.93157
12,  2.00338
12,  0.0840574
12,  0.18698
12,  0.824909
12,  0.0907682
12,  0.00914557
12,  0.0465659
12,  0.0297847
12,  0.0172957
12,  0.0453521
12,  0.200716
12,  0.0296898
12,  0.132502
12,  1.18069
12,  0.089657
12,  0.0112709
12,  0.0938891
12,  0.168277
12,  0.157883
12,  0.163065
12,  0.152087
12,  0.0604304
12,  0.0537511
12,  0.0916893
12,  0.0458059
12,  0.176842
12,  0.199612
13, 0.000283979
13,  0.000855178
13,  0.0935463
13,  0.0114367
13,  0.0749666
13,  0.0444116
13,  0.0102665
13,  0.0112709
13,  0.147234
13,  0.0907682
13,  0.0114897
13,  0.00695876
13,  0.175873
13,  0.0741319
13,  0.0919464
13,  0.040225
13,  0.174286
13,  0.0465659
13,  0.0754557
13,  0.215656
13,  0.0102839
13,  0.0101003
13,  1.93157
13,  0.0840574
13,  0.18698
13,  0.824909
13,  0.190231
13,  0.0642
13,  0.199612
13,  0.176842
13,  0.0101369
13,  0.0172957
13,  0.0453521
13,  0.200716
13,  0.089657
13,  0.0938891
13,  1.65176
13,  0.0296898
13,  0.132502
13,  0.00914557
13,  0.157883
13,  0.163065
13,  0.152087
13,  0.0604304
13,  0.0537511
13,  0.0916893
13,  0.0458059
13,  0.0561419
13,  0.262792
13,  0.361082
14, 0.000283979
14,  0.000855178
14,  0.0444116
14,  0.0102665
14,  0.0112709
14,  0.147234
14,  1.67567
14,  0.150168
14,  0.00914557
14,  0.0840574
14,  0.0114897
14,  0.00695876
14,  0.174286
14,  0.0465659
14,  0.0754557
14,  0.215656
14,  0.0486633
14,  0.0907682
14,  0.0114367
14,  0.040225
14,  0.0102839
14,  0.0101003
14,  0.18698
14,  0.824909
14,  0.0642
14,  0.176842
14,  0.490844
14,  0.0749666
14,  0.0935463
14,  0.0741319
14,  0.0101369
14,  0.0172957
14,  0.0938891
14,  1.48289
14,  0.0296898
14,  0.132502
14,  0.25542
14,  0.0453521
14,  0.089657
14,  0.0919464
14,  0.157883
14,  0.163065
14,  0.152087
14,  0.0604304
14,  0.0537511
14,  0.0916893
14,  0.0458059
14,  0.0561419
14,  0.175873
14,  0.190231
15, 0.000283979
15,  0.000855178
15,  0.0102665
15,  0.0112709
15,  0.00914557
15,  2.06027
15,  1.8845
15,  0.0754557
15,  0.150168
15,  0.040225
15,  0.0114897
15,  0.00695876
15,  0.0465659
15,  0.0486633
15,  0.0114367
15,  0.676867
15,  0.75255
15,  0.0919464
15,  0.089657
15,  0.0840574
15,  0.0102839
15,  0.0101003
15,  0.824909
15,  0.0642
15,  0.490844
15,  0.0741319
15,  2.62076
15,  0.0444116
15,  0.174286
15,  0.0480266
15,  0.0101369
15,  0.0172957
15,  0.0938891
15,  0.0296898
15,  0.132502
15,  0.0453521
15,  0.566442
15,  0.0749666
15,  0.0935463
15,  0.147234
15,  0.157883
15,  0.152087
15,  0.0604304
15,  0.0537511
15,  0.0916893
15,  0.0458059
15,  0.0561419
15,  0.117727
15,  0.175873
15,  0.176842
16, 0.000283979
16,  0.000855178
16,  0.0112709
16,  0.00914557
16,  0.0754557
16,  0.839212
16,  1.50065
16,  0.0480266
16,  0.0919464
16,  0.00114006
16,  0.0114897
16,  0.00695876
16,  0.0465659
16,  0.0486633
16,  0.0114367
16,  0.75255
16,  0.582943
16,  0.0102665
16,  0.0935463
16,  0.089657
16,  0.0102839
16,  0.0101003
16,  0.0642
16,  0.490844
16,  1.80742
16,  0.174286
16,  1.36333
16,  0.0741319
16,  0.0453521
16,  0.0444116
16,  0.0101369
16,  0.0172957
16,  0.0296898
16,  0.132502
16,  0.566442
16,  0.0749666
16,  0.147234
16,  0.0840574
16,  0.040225
16,  0.0722937
16,  0.152087
16,  0.0604304
16,  0.0537511
16,  0.0916893
16,  0.0458059
16,  0.0561419
16,  0.117727
16,  0.0951977
16,  0.0938891
16,  0.150168
17, 0.000283979
17,  0.000271537
17,  0.00914557
17,  0.839212
17,  0.0480266
17,  0.0919464
17,  0.281664
17,  0.0112709
17,  0.0935463
17,  0.0741319
17,  0.0114897
17,  0.00695876
17,  0.0465659
17,  0.0114367
17,  0.0102665
17,  0.089657
17,  2.16752
17,  0.0642
17,  0.0126484
17,  0.0722937
17,  0.0102839
17,  0.0101003
17,  0.17186
17,  0.174286
17,  0.0444116
17,  1.43397
17,  0.017286
17,  0.040225
17,  0.0754557
17,  0.00114006
17,  0.0101369
17,  0.0172957
17,  0.0296898
17,  0.132502
17,  0.566442
17,  0.147234
17,  0.0840574
17,  0.0749666
17,  0.0938891
17,  0.0453521
17,  0.0604304
17,  0.0537511
17,  0.0916893
17,  0.0458059
17,  0.0561419
17,  0.117727
17,  0.0951977
17,  0.0808924
17,  0.150168
17,  0.582943
18, 0.000283276
18,  0.000271537
18,  0.00914557
18,  0.839212
18,  0.0480266
18,  0.0741319
18,  1.06239
18,  0.0919464
18,  0.0444116
18,  0.0935463
18,  0.0114897
18,  0.00695876
18,  0.0465659
18,  0.089657
18,  0.0642
18,  0.0840295
18,  0.668183
18,  0.00155264
18,  0.00114006
18,  0.0453521
18,  0.0102839
18,  0.0101003
18,  0.17186
18,  1.43397
18,  0.017286
18,  0.040225
18,  4.07559
18,  0.0112709
18,  0.0754557
18,  0.0102665
18,  0.0101369
18,  0.0172957
18,  0.0296898
18,  0.132502
18,  0.566442
18,  0.0840574
18,  0.0749666
18,  0.0722937
18,  0.0126484
18,  0.0114367
18,  0.0604304
18,  0.0537511
18,  0.0916893
18,  0.0458059
18,  0.0561419
18,  0.0808924
18,  0.0924908
18,  0.0320543
18,  0.0938891
18,  0.147234
19, 0.000283276
19,  0.000271537
19,  0.00914557
19,  0.0480266
19,  0.0741319
19,  0.0444116
19,  1.59946
19,  0.0919464
19,  0.089657
19,  0.0453521
19,  0.0114897
19,  0.00695876
19,  0.0465659
19,  0.0642
19,  0.00155264
19,  1.30458
19,  2.18106
19,  0.0754557
19,  0.0126484
19,  0.0114367
19,  0.0102839
19,  0.0101003
19,  1.35727
19,  0.0112709
19,  0.0102665
19,  1.38394
19,  0.644
19,  0.0296898
19,  0.0840295
19,  0.040225
19,  0.0101369
19,  0.0172957
19,  0.364268
19,  0.0840574
19,  0.0749666
19,  0.0722937
19,  0.213599
19,  0.00114006
19,  0.0935463
19,  0.017286
19,  0.0604304
19,  0.0537511
19,  0.0916893
19,  0.0458059
19,  0.0561419
19,  0.0808924
19,  0.0924908
19,  0.0320543
19,  0.0938891
19,  0.132502
20, 0.000283276
20,  0.000271537
20,  0.0052758
20,  0.0681172
20,  0.0444116
20,  0.0453521
20,  1.69943
20,  0.0840295
20,  0.0290359
20,  0.089657
20,  0.0114897
20,  0.00695876
20,  0.0754557
20,  0.0126484
20,  0.0114367
20,  1.5928
20,  0.269076
20,  0.0102665
20,  0.0480266
20,  0.0642
20,  0.0101604
20,  0.0101003
20,  1.3359
20,  0.0112709
20,  0.120452
20,  0.0296898
20,  1.9283
20,  0.0840574
20,  0.00155264
20,  0.017286
20,  0.0101369
20,  0.0172957
20,  0.0749666
20,  0.0722937
20,  0.00114006
20,  0.0935463
20,  1.03899
20,  0.040225
20,  0.0919464
20,  0.0465659
20,  0.0604304
20,  0.0537511
20,  0.0458059
20,  0.0561419
20,  0.0808924
20,  0.0320543
20,  0.0792212
20,  0.0513853
20,  0.0938891
20,  0.132502
21, 0.000283276
21,  0.000271537
21,  0.0052758
21,  0.0444116
21,  1.69943
21,  0.089657
21,  0.923454
21,  0.0465659
21,  0.0642
21,  0.0102665
21,  0.0114897
21,  0.00695876
21,  0.0754557
21,  0.0126484
21,  0.0114367
21,  1.3954
21,  2.67468
21,  0.0840295
21,  0.0919464
21,  0.0290359
21,  0.0100844
21,  0.00346219
21,  0.0112709
21,  0.120452
21,  0.0840574
21,  0.017286
21,  0.978069
21,  0.0681172
21,  0.0296898
21,  0.00155264
21,  0.0101369
21,  0.0172957
21,  0.0749666
21,  0.0722937
21,  0.00114006
21,  0.759462
21,  0.040225
21,  0.0935463
21,  0.0418324
21,  0.0480266
21,  0.0604304
21,  0.0537511
21,  0.0458059
21,  0.0561419
21,  0.0808924
21,  0.0320543
21,  0.0792212
21,  0.0513853
21,  0.0938891
21,  0.132502
22, 0.000283276
22,  0.000271537
22,  0.0052758
22,  0.0444116
22,  1.23298
22,  0.089657
22,  1.60634
22,  0.0465659
22,  0.0681172
22,  0.0114367
22,  0.0114897
22,  0.00695876
22,  0.0754557
22,  1.3954
22,  0.0840295
22,  0.0919464
22,  1.5883
22,  0.0112709
22,  0.0290359
22,  0.0126484
22,  0.0100844
22,  0.00346219
22,  0.120452
22,  0.017286
22,  0.0296898
22,  1.241
22,  0.995801
22,  0.0642
22,  0.0418324
22,  0.00155264
22,  0.0101369
22,  0.0172957
22,  0.00114006
22,  0.040225
22,  0.0935463
22,  0.0480266
22,  0.297851
22,  0.0102665
22,  0.0722937
22,  0.0749666
22,  0.0604304
22,  0.0537511
22,  0.0458059
22,  0.0561419
22,  0.0808924
22,  0.0320543
22,  0.0792212
22,  0.0513853
22,  0.0840574
22,  0.0938891
23, 0.000283276
23,  0.000271537
23,  0.757357
23,  1.60634
23,  0.0465659
23,  0.0681172
23,  1.1561
23,  0.0418324
23,  0.0444116
23,  0.00114006
23,  0.0114897
23,  0.00695876
23,  0.0754557
23,  1.3954
23,  0.0919464
23,  1.5883
23,  0.0126484
23,  0.0840574
23,  0.0722937
23,  0.0114367
23,  0.0100844
23,  0.00346219
23,  0.017286
23,  0.0296898
23,  1.241
23,  0.0642
23,  0.273948
23,  0.0749666
23,  0.0840295
23,  0.00155264
23,  0.0101369
23,  0.0172957
23,  0.040225
23,  0.0935463
23,  0.0480266
23,  0.0102665
23,  1.60023
23,  0.0052758
23,  0.0290359
23,  0.0112709
23,  0.0604304
23,  0.0537511
23,  0.0458059
23,  0.0561419
23,  0.0320543
23,  0.0513853
23,  0.0478805
23,  0.0439514
23,  0.089657
23,  0.0938891
24, 0.000283276
24,  0.000271537
24,  0.757357
24,  0.851981
24,  0.0444116
24,  0.344359
24,  2.12047
24,  0.0112709
24,  0.00114006
24,  0.0465659
24,  0.0114897
24,  0.00695876
24,  0.0754557
24,  1.2447
24,  0.0126484
24,  0.0114367
24,  2.12096
24,  0.0840574
24,  0.0052758
24,  0.0722937
24,  0.0100844
24,  0.00346219
24,  0.017286
24,  0.0296898
24,  0.0642
24,  0.00155264
24,  0.487117
24,  0.0681172
24,  0.0840295
24,  0.0290359
24,  0.0101369
24,  0.0172957
24,  0.0935463
24,  0.0480266
24,  0.0102665
24,  1.60023
24,  0.875992
24,  0.0749666
24,  0.0418324
24,  0.040225
24,  0.0604304
24,  0.0537511
24,  0.0458059
24,  0.0561419
24,  0.0320543
24,  0.0513853
24,  0.0478805
24,  0.0439514
24,  0.089657
24,  0.0919464
25, 0.000283276
25,  0.000271537
25,  0.757357
25,  0.0444116
25,  0.0112709
25,  0.0465659
25,  1.69004
25,  0.00114006
25,  0.0480266
25,  0.0840574
25,  0.0114897
25,  0.00695876
25,  0.0126484
25,  1.13048
25,  0.0722937
25,  2.00217
25,  1.9996
25,  0.0102665
25,  0.0052758
25,  0.0290359
25,  0.0100844
25,  0.00346219
25,  0.017286
25,  0.0296898
25,  0.0642
25,  0.0681172
25,  1.83899
25,  0.0754557
25,  0.040225
25,  0.0418324
25,  0.0101369
25,  0.0172957
25,  0.0933206
25,  1.60023
25,  0.0130068
25,  0.0749666
25,  2.68578
25,  0.0840295
25,  0.0114367
25,  0.00155264
25,  0.0604304
25,  0.0537511
25,  0.0458059
25,  0.0561419
25,  0.0320543
25,  0.0513853
25,  0.0478805
25,  0.0439514
25,  0.089657
25,  0.0919464
26, 0.000283276
26,  0.000271537
26,  0.0444116
26,  0.0112709
26,  0.0465659
26,  0.0480266
26,  0.0840574
26,  0.089657
26,  0.0126484
26,  0.0919464
26,  0.0114897
26,  0.0066634
26,  1.98534
26,  0.0102665
26,  0.0290359
26,  1.27594
26,  0.544004
26,  0.0052758
26,  0.0722937
26,  0.206428
26,  0.0100844
26,  0.00346219
26,  0.0296898
26,  0.0642
26,  0.040225
26,  0.0418324
26,  1.71984
26,  0.0723473
26,  0.0130068
26,  0.0681172
26,  0.0101369
26,  0.0172957
26,  0.0933206
26,  1.30623
26,  0.0749666
26,  0.0840295
26,  0.0114367
26,  0.00114006
26,  0.017286
26,  0.00155264
26,  0.0604304
26,  0.0537511
26,  0.0458059
26,  0.0561419
26,  0.0320543
26,  0.0513853
26,  0.0478805
26,  0.0439514
26,  0.209073
26,  0.410481
27, 0.000283276
27,  0.000271537
27,  0.0444116
27,  0.0465659
27,  0.0919464
27,  2.08652
27,  2.38131
27,  0.0126484
27,  0.089657
27,  0.0642
27,  0.0114897
27,  0.0066634
27,  0.0102665
27,  0.0290359
27,  0.0052758
27,  0.0722937
27,  0.975166
27,  0.206428
27,  0.0933206
27,  0.0112709
27,  0.0100844
27,  0.00346219
27,  0.0296898
27,  0.040225
27,  0.0723473
27,  0.0130068
27,  0.632395
27,  0.0480266
27,  0.0840574
27,  0.0681172
27,  0.0101369
27,  0.00127574
27,  1.30623
27,  0.0749666
27,  0.0114367
27,  0.00114006
27,  0.017286
27,  0.00155264
27,  0.0418324
27,  0.0840295
27,  0.0537511
27,  0.0458059
27,  0.0561419
27,  0.0320543
27,  0.0513853
27,  0.0478805
27,  0.0439514
27,  0.0432408
27,  0.209073
27,  0.410481
28, 0.000283276
28,  0.000271537
28,  0.0444116
28,  0.0919464
28,  1.75858
28,  0.0126484
28,  1.12896
28,  0.00114006
28,  0.0558248
28,  0.0722937
28,  0.0114897
28,  0.0066634
28,  0.0102665
28,  0.0052758
28,  0.975166
28,  0.0112709
28,  2.14221
28,  0.0114367
28,  0.0840574
28,  0.0130068
28,  0.0100844
28,  0.00346219
28,  0.0296898
28,  0.040225
28,  0.0723473
28,  0.632395
28,  0.0480266
28,  0.089657
28,  0.0290359
28,  0.0840295
28,  0.0101369
28,  0.00127574
28,  0.0749666
28,  0.017286
28,  0.0418324
28,  0.954167
28,  0.460947
28,  0.0465659
28,  0.0681172
28,  0.00155264
28,  0.0537511
28,  0.0458059
28,  0.0561419
28,  0.0320543
28,  0.0513853
28,  0.0478805
28,  0.0439514
28,  0.0432408
28,  0.0933206
28,  0.206428
29, 0.000283276
29,  0.000271537
29,  0.0919464
29,  0.0126484
29,  0.00114006
29,  0.0558248
29,  0.244308
29,  0.017286
29,  0.0130068
29,  0.0749666
29,  0.0114897
29,  0.0066634
29,  0.0102665
29,  0.0052758
29,  0.975166
29,  0.0114367
29,  2.01794
29,  0.0296898
29,  0.0480266
29,  0.0161813
29,  0.0100844
29,  0.00163199
29,  0.0723473
29,  0.632395
29,  0.089657
29,  1.28711
29,  0.364849
29,  0.040225
29,  0.0112709
29,  0.0444116
29,  0.0101369
29,  0.00127574
29,  0.0418324
29,  0.0465659
29,  0.0681172
29,  0.00155264
29,  0.632982
29,  0.0722937
29,  0.0290359
29,  0.0840295
29,  0.0537511
29,  0.0458059
29,  0.0561419
29,  0.0320543
29,  0.0513853
29,  0.0478805
29,  0.0439514
29,  0.0432408
29,  0.0933206
29,  0.125757
30, 0.000283276
30,  0.000271537
30,  0.0919464
30,  0.00114006
30,  0.017286
30,  0.0130068
30,  0.0749666
30,  0.0933206
30,  0.0126484
30,  0.0112709
30,  0.0114897
30,  0.0066634
30,  0.0102665
30,  0.0052758
30,  0.0296898
30,  0.0480266
30,  1.98951
30,  0.171312
30,  0.0418324
30,  0.0161813
30,  0.0100844
30,  0.00163199
30,  0.0723473
30,  0.089657
30,  0.364849
30,  0.040225
30,  1.70892
30,  0.0444116
30,  0.0558248
30,  0.0114367
30,  0.0101369
30,  0.00127574
30,  0.0465659
30,  0.0681172
30,  0.0722937
30,  0.0840295
30,  0.876851
30,  0.0290359
30,  0.00155264
30,  0.125757
30,  0.0537511
30,  0.0458059
30,  0.0561419
30,  0.0320543
30,  0.0513853
30,  0.0478805
30,  0.0439514
30,  0.0432408
30,  0.244308
30,  0.402612
31, 0.000283276
31,  0.000271537
31,  0.0919464
31,  0.00114006
31,  0.0130068
31,  0.0933206
31,  1.42773
31,  0.000667978
31,  0.0114367
31,  0.0558248
31,  0.0114897
31,  0.0066634
31,  0.0480266
31,  0.0418324
31,  0.0161813
31,  0.0120044
31,  0.410865
31,  0.0126484
31,  0.0052758
31,  0.0296898
31,  0.0100844
31,  0.00163199
31,  0.0723473
31,  0.0892299
31,  0.364849
31,  0.329028
31,  0.0871794
31,  0.0112709
31,  0.0102665
31,  0.00155264
31,  0.0101369
31,  0.00127574
31,  0.0465659
31,  0.0722937
31,  0.876851
31,  0.125757
31,  1.08225
31,  0.040225
31,  0.0290359
31,  0.0444116
31,  0.0537511
31,  0.0458059
31,  0.0320543
31,  0.0513853
31,  0.0478805
31,  0.0439514
31,  0.0432408
31,  0.0198438
31,  0.0681172
31,  0.0749666
32, 0.000283276
32,  0.000271537
32,  0.0130068
32,  0.0933206
32,  0.000667978
32,  0.0558248
32,  2.00176
32,  0.00705765
32,  0.0296898
32,  0.0161813
32,  0.00436577
32,  0.00593515
32,  0.0418324
32,  0.0120044
32,  0.0126484
32,  0.491542
32,  0.00596374
32,  0.040225
32,  0.0290359
32,  0.0102665
32,  0.0100844
32,  0.00163199
32,  0.0723473
32,  0.0892299
32,  0.329028
32,  0.00155264
32,  0.112049
32,  0.0112709
32,  0.0465659
32,  0.0114367
32,  0.0066634
32,  0.00127574
32,  0.054455
32,  0.876851
32,  1.08225
32,  0.395679
32,  0.484109
32,  0.0444116
32,  0.0052758
32,  0.00114006
32,  0.0458059
32,  0.0320543
32,  0.0513853
32,  0.0478805
32,  0.0439514
32,  0.0432408
32,  0.0198438
32,  0.0101369
32,  0.0480266
32,  0.0681172
33, 0.000283276
33,  0.000271537
33,  0.0130068
33,  0.000667978
33,  0.00705765
33,  0.0296898
33,  0.0161813
33,  0.0126484
33,  0.00432938
33,  0.0112709
33,  0.00346517
33,  0.00593515
33,  0.0418324
33,  0.0120044
33,  0.00596374
33,  0.040225
33,  0.0290359
33,  0.0102665
33,  0.0681172
33,  0.00114006
33,  0.0100844
33,  0.00163199
33,  0.0723473
33,  0.0892299
33,  0.329028
33,  0.00155264
33,  0.112049
33,  0.0052758
33,  0.0558248
33,  0.0114367
33,  1.24593e-05
33,  0.00127574
33,  0.054455
33,  0.463877
33,  0.484109
33,  0.0444116
33,  1.88989
33,  0.00662656
33,  0.0465659
33,  0.0480266
33,  0.0458059
33,  0.0320543
33,  0.0478805
33,  0.0439514
33,  0.0432408
33,  0.0198438
33,  0.0101369
33,  0.00757827
33,  0.0933206
33,  0.377517
34, 0.000283276
34,  0.000271537
34,  0.0130068
34,  0.00705765
34,  0.0161813
34,  2.79844
34,  1.9525
34,  0.00432938
34,  0.0112709
34,  0.00596374
34,  0.00346517
34,  0.00593515
34,  0.0418324
34,  0.0120044
34,  0.0290359
34,  0.0681172
34,  0.00114006
34,  0.0102665
34,  0.0465659
34,  0.000667978
34,  0.00757827
34,  0.00163199
34,  0.0723473
34,  0.0892299
34,  0.0558248
34,  0.0114367
34,  2.18535
34,  0.0296898
34,  0.0052758
34,  0.00155264
34,  1.24593e-05
34,  0.000518886
34,  0.054455
34,  0.484109
34,  0.0444116
34,  0.00662656
34,  0.208257
34,  0.0126484
34,  0.0480266
34,  0.040225
34,  0.0458059
34,  0.0320543
34,  0.0478805
34,  0.0439514
34,  0.0432408
34,  0.0198438
34,  0.0101369
34,  0.0100844
34,  0.0933206
34,  0.112049
35, 0.000283276
35,  0.000271537
35,  0.0130068
35,  0.00705765
35,  2.79844
35,  0.0112709
35,  0.00290685
35,  0.00662656
35,  0.0681172
35,  0.00596374
35,  0.00220464
35,  0.00593515
35,  0.0290359
35,  0.0102665
35,  0.0465659
35,  0.000667978
35,  1.90467
35,  0.0418324
35,  0.00432938
35,  0.0296898
35,  0.00757827
35,  0.000877511
35,  0.0723473
35,  0.0892299
35,  0.0558248
35,  0.00155264
35,  0.248914
35,  0.0114367
35,  0.040225
35,  0.0161813
35,  1.24593e-05
35,  0.000518886
35,  0.054455
35,  0.0444116
35,  0.0126484
35,  0.0480266
35,  2.00346
35,  0.0120044
35,  0.0052758
35,  0.00114006
35,  0.0458059
35,  0.0320543
35,  0.0439514
35,  0.0432408
35,  0.0198438
35,  0.0101369
35,  0.0100844
35,  0.00346517
35,  0.0933206
35,  0.112049
36, 0.000271537
36,  7.14886e-05
36,  0.0130068
36,  0.00705765
36,  0.00662656
36,  0.00596374
36,  0.000166075
36,  0.0480266
36,  0.000452091
36,  0.00155264
36,  4.81149e-05
36,  0.00346517
36,  0.0102665
36,  0.0418324
36,  0.00432938
36,  0.0296898
36,  1.73596
36,  0.0112709
36,  0.0290359
36,  0.0465659
36,  0.000283276
36,  0.000877511
36,  0.0723473
36,  0.248914
36,  0.0114367
36,  0.0161813
36,  1.16156
36,  0.040225
36,  0.000756035
36,  0.000667978
36,  1.24593e-05
36,  0.000518886
36,  0.0444116
36,  0.392548
36,  0.0120044
36,  0.00114006
36,  4.27309
36,  0.0126484
36,  0.0052758
36,  0.0284095
36,  0.0320543
36,  0.0439514
36,  0.0432408
36,  0.0198438
36,  0.0101369
36,  0.0100844
36,  0.00593515
36,  0.00757827
36,  0.054455
36,  0.0558248
37, 0.000271537
37,  7.14886e-05
37,  0.00705765
37,  0.000166075
37,  0.0480266
37,  1.96058
37,  0.139567
37,  0.0114367
37,  0.00318637
37,  0.00662656
37,  4.81149e-05
37,  0.00346517
37,  0.0102665
37,  0.00432938
37,  1.73596
37,  0.18667
37,  1.96073
37,  0.0120044
37,  0.0161813
37,  0.0130068
37,  0.000283276
37,  0.000877511
37,  0.0723473
37,  0.248914
37,  0.040225
37,  0.000756035
37,  0.000667978
37,  0.000452091
37,  0.0126484
37,  0.00155264
37,  1.24593e-05
37,  0.000518886
37,  0.0444116
37,  0.00114006
37,  0.0284095
37,  1.97946
37,  1.00816
37,  0.0112709
37,  0.00596374
37,  0.0052758
37,  0.0320543
37,  0.0432408
37,  0.0198438
37,  0.0101369
37,  0.0100844
37,  0.00593515
37,  0.00757827
37,  0.00406902
37,  0.0290359
37,  0.0296898
38, 2.62985e-05
38,  7.14886e-05
38,  0.00705765
38,  0.00318637
38,  0.00662656
38,  1.8354
38,  0.000454545
38,  0.00155264
38,  0.0102665
38,  0.000756035
38,  4.81149e-05
38,  0.000712107
38,  0.0416955
38,  1.78339
38,  0.0120044
38,  0.0161813
38,  0.0130068
38,  0.0290359
38,  0.00114006
38,  0.0052758
38,  0.000283276
38,  0.000877511
38,  0.0953218
38,  0.040225
38,  0.000667978
38,  0.000452091
38,  0.0126484
38,  0.0284095
38,  0.0296898
38,  0.00432938
38,  1.24593e-05
38,  0.000518886
38,  0.0444116
38,  1.00816
38,  0.0112709
38,  0.00596374
38,  0.512299
38,  0.000166075
38,  0.0114367
38,  0.00191808
38,  0.0198438
38,  0.0101369
38,  0.0100844
38,  0.00593515
38,  0.00757827
38,  0.00406902
38,  0.000838298
38,  0.00346517
38,  0.0480266
38,  0.0723473
39, 2.62985e-05
39,  3.90959e-07
39,  0.000454545
39,  0.00155264
39,  0.0102665
39,  0.000756035
39,  1.91146
39,  0.00705765
39,  0.0052758
39,  0.0114367
39,  4.81149e-05
39,  0.000712107
39,  1.14319
39,  0.0120044
39,  0.0161813
39,  0.0883564
39,  1.31296
39,  0.0112709
39,  0.0130068
39,  0.00191808
39,  0.000283276
39,  0.000518886
39,  0.0953218
39,  0.000667978
39,  0.0296898
39,  0.6885
39,  2.05357
39,  0.00432938
39,  0.000452091
39,  0.0126484
39,  1.24593e-05
39,  1.32417e-05
39,  0.602311
39,  0.00596374
39,  0.512299
39,  0.000166075
39,  1.5262e-05
39,  0.00662656
39,  0.000886065
39,  0.00114006
39,  0.0101369
39,  0.0100844
39,  0.00593515
39,  0.00757827
39,  0.00406902
39,  0.000838298
39,  0.00346517
39,  0.000877511
39,  0.0284095
39,  0.0290359
40, 2.62985e-05
40,  3.90959e-07
40,  0.000454545
40,  0.00155264
40,  0.000756035
40,  0.0052758
40,  1.4539
40,  0.0130068
40,  0.0102665
40,  0.00705765
40,  4.81149e-05
40,  0.000630594
40,  0.0161813
40,  0.0883564
40,  1.31296
40,  2.03764
40,  1.90064
40,  0.000886065
40,  0.0112709
40,  0.00662656
40,  0.000283276
40,  0.000252109
40,  0.000667978
40,  0.0296898
40,  0.00432938
40,  0.000452091
40,  0.212049
40,  0.00596374
40,  0.00191808
40,  0.0114367
40,  9.11743e-06
40,  1.32417e-05
40,  0.602311
40,  0.512299
40,  0.000166075
40,  1.5262e-05
40,  0.00291282
40,  0.0126484
40,  0.0120044
40,  0.00114006
40,  0.0100844
40,  0.00593515
40,  0.00757827
40,  0.00406902
40,  0.000838298
40,  0.00346517
40,  0.000877511
40,  0.000967298
40,  0.0284095
40,  0.0290359
41, 2.62985e-05
41,  3.90959e-07
41,  0.000454545
41,  0.00155264
41,  0.000756035
41,  0.0102665
41,  1.96013
41,  0.00662656
41,  0.00705765
41,  0.0161813
41,  4.81149e-05
41,  0.000193769
41,  1.31296
41,  1.26541
41,  0.000886065
41,  0.0112709
41,  0.396126
41,  0.0114367
41,  0.00596374
41,  0.000166075
41,  0.000283276
41,  8.38112e-08
41,  0.000667978
41,  0.0296898
41,  0.212049
41,  0.00191808
41,  2.03556
41,  0.000452091
41,  0.00432938
41,  0.0130068
41,  9.11743e-06
41,  1.32417e-05
41,  0.512299
41,  0.0126484
41,  0.0120044
41,  0.00114006
41,  0.714313
41,  0.0052758
41,  1.5262e-05
41,  0.00291282
41,  0.0100844
41,  0.00593515
41,  0.00757827
41,  0.00406902
41,  0.000838298
41,  0.00346517
41,  0.000877511
41,  0.000967298
41,  0.0284095
41,  0.0290359
42, 2.62985e-05
42,  3.90959e-07
42,  0.000454545
42,  0.00155264
42,  0.000756035
42,  1.96013
42,  1.45666
42,  0.000166075
42,  0.000886065
42,  0.00191808
42,  4.81149e-05
42,  0.000193769
42,  1.31296
42,  0.0112709
42,  0.396126
42,  0.0114367
42,  1.91795
42,  0.00662656
42,  0.0161813
42,  0.0052758
42,  0.000283276
42,  8.38112e-08
42,  1.61686
42,  0.00432938
42,  0.0130068
42,  2.10791
42,  1.65289
42,  0.00596374
42,  0.0102665
42,  0.00705765
42,  9.11743e-06
42,  1.32417e-05
42,  0.512299
42,  0.0120044
42,  0.00114006
42,  1.5262e-05
42,  0.00291282
42,  0.000452091
42,  0.0126484
42,  0.000667978
42,  0.0100844
42,  0.00593515
42,  0.00757827
42,  0.00406902
42,  0.000838298
42,  0.00346517
42,  0.000877511
42,  0.000967298
42,  0.0284095
42,  0.0290359
43, 2.62985e-05
43,  3.90959e-07
43,  0.00155264
43,  1.45666
43,  0.000166075
43,  0.00191808
43,  0.537513
43,  0.0126484
43,  0.00705765
43,  0.000756035
43,  4.81149e-05
43,  0.000193769
43,  0.396126
43,  1.91795
43,  0.00662656
43,  0.0161813
43,  0.891308
43,  0.0284095
43,  0.00291282
43,  0.0112709
43,  0.000182312
43,  8.38112e-08
43,  1.01145
43,  0.00432938
43,  0.0130068
43,  0.00596374
43,  0.0102665
43,  0.0120044
43,  0.0114367
43,  0.000886065
43,  9.11743e-06
43,  4.75566e-06
43,  0.00114006
43,  1.5262e-05
43,  0.000452091
43,  0.000667978
43,  9.49452e-05
43,  0.0290359
43,  0.0052758
43,  0.000454545
43,  0.00593515
43,  0.00757827
43,  0.00406902
43,  0.000838298
43,  0.00346517
43,  0.000877511
43,  0.000967298
43,  0.000283276
43,  0.1973
43,  0.512299
44, 2.62985e-05
44,  3.90959e-07
44,  0.00155264
44,  0.000166075
44,  0.00191808
44,  0.537513
44,  1.82168
44,  0.000667978
44,  0.00596374
44,  0.000452091
44,  4.81149e-05
44,  0.000193769
44,  0.396126
44,  1.91795
44,  0.00662656
44,  0.347369
44,  0.0284095
44,  0.0102665
44,  0.0126484
44,  0.0112709
44,  0.000182312
44,  8.38112e-08
44,  1.01145
44,  0.0120044
44,  0.000886065
44,  0.377681
44,  0.768483
44,  0.0114367
44,  0.00705765
44,  0.00114006
44,  9.11743e-06
44,  4.75566e-06
44,  1.5262e-05
44,  9.49452e-05
44,  0.0052758
44,  0.000454545
44,  0.515166
44,  0.000756035
44,  0.00432938
44,  0.00291282
44,  0.00593515
44,  0.00757827
44,  0.00406902
44,  0.000838298
44,  0.00346517
44,  0.000877511
44,  0.000967298
44,  0.000283276
44,  0.0130068
44,  0.0161813
45, 2.62985e-05
45,  3.90959e-07
45,  0.00155264
45,  0.000166075
45,  0.644526
45,  0.000667978
45,  0.00034272
45,  0.0114367
45,  0.00596374
45,  0.000756035
45,  4.81149e-05
45,  0.000193769
45,  0.396126
45,  0.347369
45,  0.0102665
45,  0.0126484
45,  1.90309
45,  0.00191808
45,  1.5262e-05
45,  0.00662656
45,  0.000182312
45,  8.38112e-08
45,  1.01145
45,  0.0120044
45,  0.000886065
45,  0.48779
45,  2.03211
45,  0.000452091
45,  0.00291282
45,  0.00705765
45,  9.11743e-06
45,  4.75566e-06
45,  9.49452e-05
45,  0.0052758
45,  0.000454545
45,  0.00432938
45,  0.503904
45,  0.0112709
45,  0.0130068
45,  0.00114006
45,  0.00593515
45,  0.00406902
45,  0.000838298
45,  0.00346517
45,  0.000877511
45,  0.000967298
45,  0.000283276
45,  0.000565064
45,  0.0161813
45,  0.0284095
46, 2.62985e-05
46,  3.90959e-07
46,  0.000166075
46,  0.644526
46,  0.000756035
46,  1.90948
46,  1.02983
46,  0.00291282
46,  0.000454545
46,  0.000452091
46,  4.81149e-05
46,  0.000193769
46,  0.0102665
46,  0.0126484
46,  1.90309
46,  0.00662656
46,  3.30591
46,  1.5262e-05
46,  0.00596374
46,  0.00432938
46,  0.000182312
46,  8.38112e-08
46,  1.01145
46,  0.0120044
46,  0.000886065
46,  0.00705765
46,  1.84972
46,  0.0052758
46,  0.00191808
46,  0.000667978
46,  9.11743e-06
46,  4.75566e-06
46,  0.503904
46,  0.0130068
46,  0.00114006
46,  1.94577
46,  3.7024
46,  9.49452e-05
46,  0.00034272
46,  0.00155264
46,  0.00593515
46,  0.00406902
46,  0.000838298
46,  0.00346517
46,  0.000877511
46,  0.000967298
46,  0.000283276
46,  0.000565064
46,  0.0112709
46,  0.0114367
47, 2.62985e-05
47,  3.90959e-07
47,  0.644526
47,  0.000756035
47,  1.02983
47,  0.000454545
47,  0.0418855
47,  0.0102665
47,  0.00596374
47,  0.00114006
47,  4.81149e-05
47,  0.000193769
47,  0.0126484
47,  0.00662656
47,  1.5262e-05
47,  0.17246
47,  2.00705
47,  0.0112709
47,  0.000452091
47,  9.49452e-05
47,  0.000182312
47,  8.38112e-08
47,  1.01145
47,  0.000886065
47,  0.00705765
47,  0.0052758
47,  0.000667978
47,  0.000166075
47,  0.000143012
47,  0.0114367
47,  9.11743e-06
47,  4.75566e-06
47,  0.503904
47,  0.0130068
47,  1.94577
47,  0.00155264
47,  1.5943
47,  0.00291282
47,  0.00191808
47,  0.00432938
47,  0.00593515
47,  0.00406902
47,  0.000838298
47,  0.00346517
47,  0.000877511
47,  0.000967298
47,  0.000283276
47,  0.000565064
47,  0.0120044
47,  0.199671
48, 2.62985e-05
48,  3.90959e-07
48,  0.000756035
48,  1.02983
48,  0.0418855
48,  0.00114006
48,  1.51156
48,  0.00596374
48,  0.00662656
48,  0.000886065
48,  4.81149e-05
48,  0.000193769
48,  0.0126484
48,  2.00705
48,  0.0112709
48,  9.49452e-05
48,  0.550477
48,  0.0114367
48,  0.0120044
48,  0.000452091
48,  0.000182312
48,  8.38112e-08
48,  0.00705765
48,  0.0052758
48,  0.000667978
48,  0.000143012
48,  2.683
48,  0.000454545
48,  0.000166075
48,  1.5262e-05
48,  9.11743e-06
48,  4.75566e-06
48,  1.5943
48,  0.00291282
48,  0.00191808
48,  0.00432938
48,  0.931727
48,  0.0102665
48,  0.0130068
48,  0.00155264
48,  0.00593515
48,  0.00406902
48,  0.000838298
48,  0.00346517
48,  0.000877511
48,  0.000967298
48,  0.000283276
48,  0.000565064
48,  0.0915234
48,  0.17246
49, 2.62985e-05
49,  3.90959e-07
49,  1.02983
49,  0.0418855
49,  1.51156
49,  0.00662656
49,  0.000886065
49,  0.00114006
49,  0.0052758
49,  0.00596374
49,  4.81149e-05
49,  2.21451e-06
49,  2.00705
49,  0.0112709
49,  0.0120044
49,  0.000452091
49,  4.71972e-06
49,  0.0102665
49,  0.0126484
49,  0.00291282
49,  0.000182312
49,  8.38112e-08
49,  0.00705765
49,  0.000143012
49,  0.000454545
49,  1.5262e-05
49,  1.53863
49,  0.000756035
49,  0.000166075
49,  0.000667978
49,  2.39104e-06
49,  4.75566e-06
49,  0.00191808
49,  0.00432938
49,  0.543955
49,  0.0130068
49,  0.00155264
49,  0.0915234
49,  0.0114367
49,  9.49452e-05
49,  0.00406902
49,  0.000838298
49,  0.00346517
49,  0.000877511
49,  0.000967298
49,  0.000283276
49,  0.000565064
49,  0.000193769
49,  0.17246
49,  0.181159
50, 2.62985e-05
50,  3.90959e-07
50,  0.0418855
50,  1.18322
50,  0.00662656
50,  0.000886065
50,  0.00114006
50,  0.000756035
50,  0.0112709
50,  0.0114367
50,  4.81149e-05
50,  2.21451e-06
50,  0.279291
50,  0.0120044
50,  0.000452091
50,  1.99441
50,  2.25805
50,  0.0052758
50,  0.0126484
50,  0.000143012
50,  1.20376e-05
50,  8.38112e-08
50,  0.00705765
50,  0.000454545
50,  1.5262e-05
50,  0.0596841
50,  0.000667978
50,  0.0102665
50,  0.000166075
50,  4.71972e-06
50,  2.39104e-06
50,  1.41543e-06
50,  0.00432938
50,  0.00155264
50,  0.0915234
50,  9.49452e-05
50,  2.30412
50,  0.00291282
50,  0.00191808
50,  0.00596374
50,  0.00406902
50,  0.000838298
50,  0.00346517
50,  0.000877511
50,  0.000967298
50,  0.000283276
50,  0.000565064
50,  0.000193769
50,  0.0130068
50,  0.17246
