1,0.182956,,1,0.108379
1,0.195648,,2,0.020002
1,0.879245,,3,0.0108724
1,0.899641,,4,0.0108724
1,1.3763,,5,0.0108724
1,2.8617,,6,0.0108724
1,1.2505,,7,0.0106133
1,1.15527,,8,0.00986507
1,0.623984,,9,0.00986507
1,0.820747,,10,0.00986507
1,0.108379,,11,0.00986507
1,0.365669,,12,0.00986507
1,0.515611,,13,0.00427256
1,1.68963,,14,0.00336281
1,1.69947,,15,0.000107326
1,2.40505,,16,0.000107326
1,2.63768,,17,0.000107326
1,1.04339,,18,0.000107326
1,0.579826,,19,0.000107326
1,0.425748,,20,0.00003909
1,0.269347,,21,0.00003909
1,0.702449,,22,0.00003909
1,0.561133,,23,0.00003909
1,1.40198,,24,0.00003909
1,1.61509,,25,1.61059E-05
1,1.86036,,26,1.61059E-05
1,2.85647,,27,1.61059E-05
1,0.555215,,28,1.61059E-05
1,0.580852,,29,4.76496E-06
1,0.666444,,30,4.76496E-06
1,0.367838,,31,4.76496E-06
1,0.480915,,32,4.76496E-06
1,0.413522,,33,2.71162E-06
1,1.71669,,34,2.71162E-06
1,1.92053,,35,2.71162E-06
1,2.15449,,36,2.71162E-06
1,2.31459,,37,2.71162E-06
1,0.986821,,38,2.37625E-06
1,0.983283,,39,2.37625E-06
1,1.11318,,40,2.37625E-06
1,0.848671,,41,2.37625E-06
1,0.543343,,42,2.37625E-06
1,0.517419,,43,2.37625E-06
1,0.713253,,44,2.37625E-06
1,0.847712,,45,2.37625E-06
1,0.990132,,46,2.37625E-06
1,1.08842,,47,2.37625E-06
1,1.21617,,48,2.37625E-06
1,1.76743,,49,2.37625E-06
1,1.94115,,50,8.03879E-07
2,0.0214647,,,
2,0.195648,,,
2,0.352561,,,
2,0.623984,,,
2,0.820747,,,
2,0.899641,,,
2,0.595614,,,
2,0.119356,,,
2,0.579826,,,
2,1.2505,,,
2,0.108379,,,
2,0.365669,,,
2,0.216226,,,
2,0.388133,,,
2,0.515611,,,
2,2.2987,,,
2,2.68338,,,
2,0.555215,,,
2,0.413522,,,
2,1.24722,,,
2,0.219089,,,
2,0.367838,,,
2,0.561133,,,
2,0.666444,,,
2,1.40198,,,
2,1.86036,,,
2,0.162952,,,
2,0.36839,,,
2,0.580852,,,
2,0.0705152,,,
2,0.0551655,,,
2,0.193943,,,
2,0.983283,,,
2,1.11318,,,
2,1.71669,,,
2,1.92053,,,
2,1.7872,,,
2,0.986821,,,
2,1.33884,,,
2,0.020002,,,
2,0.182956,,,
2,0.269347,,,
2,0.515369,,,
2,0.411559,,,
2,0.485924,,,
2,0.517419,,,
2,0.543343,,,
2,0.657478,,,
2,1.3763,,,
2,1.61509,,,
3,0.0214647,,,
3,0.0901859,,,
3,0.352561,,,
3,0.623984,,,
3,0.751209,,,
3,1.2505,,,
3,0.857431,,,
3,0.899641,,,
3,0.579826,,,
3,0.216226,,,
3,0.0289755,,,
3,0.0671593,,,
3,0.0108724,,,
3,0.388133,,,
3,0.515611,,,
3,0.776662,,,
3,0.114355,,,
3,0.429132,,,
3,0.0876369,,,
3,0.595614,,,
3,0.182956,,,
3,0.367838,,,
3,0.0705152,,,
3,0.162952,,,
3,0.36839,,,
3,0.561133,,,
3,0.580852,,,
3,0.0691659,,,
3,0.0662743,,,
3,0.0372221,,,
3,0.0551655,,,
3,0.193943,,,
3,0.020002,,,
3,0.983283,,,
3,1.11318,,,
3,1.71669,,,
3,0.368939,,,
3,0.666444,,,
3,0.555215,,,
3,0.966002,,,
3,0.108379,,,
3,0.195648,,,
3,0.219089,,,
3,0.269347,,,
3,0.411559,,,
3,0.485924,,,
3,0.515369,,,
3,0.517419,,,
3,1.01689,,,
3,1.24722,,,
4,0.0168961,,,
4,0.0214647,,,
4,0.352561,,,
4,0.751209,,,
4,0.899641,,,
4,1.65059,,,
4,1.77409,,,
4,0.36839,,,
4,0.35041,,,
4,0.0372221,,,
4,0.0289755,,,
4,0.0434821,,,
4,0.0876369,,,
4,0.429132,,,
4,0.515611,,,
4,0.595614,,,
4,2.1047,,,
4,0.114355,,,
4,0.162952,,,
4,0.561133,,,
4,0.108379,,,
4,0.195648,,,
4,0.0662743,,,
4,0.0705152,,,
4,0.580852,,,
4,1.60227,,,
4,2.05801,,,
4,0.368939,,,
4,0.579826,,,
4,0.216226,,,
4,0.0551655,,,
4,0.193943,,,
4,0.020002,,,
4,0.555215,,,
4,0.983283,,,
4,0.990976,,,
4,0.30902,,,
4,0.0108724,,,
4,0.0691659,,,
4,0.388133,,,
4,0.182956,,,
4,0.169531,,,
4,0.30174,,,
4,0.219089,,,
4,0.269347,,,
4,0.355581,,,
4,0.411559,,,
4,0.485924,,,
4,0.623984,,,
4,0.666444,,,
5,0.0168961,,,
5,0.0214647,,,
5,0.0372221,,,
5,0.0807267,,,
5,0.35041,,,
5,1.65059,,,
5,1.86807,,,
5,0.114355,,,
5,0.0705152,,,
5,0.352561,,,
5,0.0289755,,,
5,0.0434821,,,
5,0.0876369,,,
5,0.162952,,,
5,0.515611,,,
5,0.561133,,,
5,0.595614,,,
5,0.36839,,,
5,0.163802,,,
5,0.216226,,,
5,0.0596983,,,
5,0.182956,,,
5,0.0662743,,,
5,0.26317,,,
5,0.579826,,,
5,0.580852,,,
5,0.6942,,,
5,0.601576,,,
5,0.0108724,,,
5,0.429132,,,
5,0.0551655,,,
5,0.159031,,,
5,0.020002,,,
5,0.30902,,,
5,0.388133,,,
5,0.555215,,,
5,0.815538,,,
5,0.666444,,,
5,0.0691659,,,
5,0.623984,,,
5,0.108379,,,
5,0.169531,,,
5,0.195648,,,
5,0.184329,,,
5,0.223424,,,
5,0.269347,,,
5,0.348256,,,
5,0.348641,,,
5,0.741974,,,
5,0.773377,,,
6,0.0168961,,,
6,0.0214647,,,
6,0.0705152,,,
6,0.114355,,,
6,0.364543,,,
6,2.18878,,,
6,2.19109,,,
6,0.352561,,,
6,0.0372221,,,
6,0.465164,,,
6,0.0289755,,,
6,0.0434821,,,
6,0.0876369,,,
6,0.162952,,,
6,0.163802,,,
6,0.515611,,,
6,0.346512,,,
6,0.0807267,,,
6,0.216226,,,
6,0.373713,,,
6,0.0596983,,,
6,0.182956,,,
6,0.0108724,,,
6,0.0662743,,,
6,0.28227,,,
6,0.579826,,,
6,0.580852,,,
6,0.0520712,,,
6,0.36839,,,
6,0.429132,,,
6,0.0551655,,,
6,0.108379,,,
6,0.020002,,,
6,0.0691659,,,
6,0.30902,,,
6,0.388133,,,
6,0.623984,,,
6,0.0962971,,,
6,0.35041,,,
6,0.0462671,,,
6,0.159031,,,
6,0.169531,,,
6,0.184329,,,
6,0.195287,,,
6,0.195648,,,
6,0.213751,,,
6,0.223424,,,
6,0.269347,,,
6,0.561133,,,
6,0.595614,,,
7,0.0168961,,,
7,0.0214647,,,
7,0.0372221,,,
7,0.0705152,,,
7,0.114355,,,
7,0.352561,,,
7,2.18878,,,
7,0.0108724,,,
7,0.0106133,,,
7,0.238079,,,
7,0.0120258,,,
7,0.0217778,,,
7,0.162952,,,
7,0.216226,,,
7,0.346512,,,
7,0.373713,,,
7,0.190252,,,
7,0.0662743,,,
7,0.0807267,,,
7,0.364543,,,
7,0.0596983,,,
7,0.0369859,,,
7,0.0520712,,,
7,0.36839,,,
7,0.429132,,,
7,0.580852,,,
7,1.45818,,,
7,0.146616,,,
7,0.28227,,,
7,0.30902,,,
7,0.0551655,,,
7,0.108379,,,
7,0.020002,,,
7,0.0691659,,,
7,0.0962971,,,
7,0.35041,,,
7,1.37185,,,
7,0.163802,,,
7,0.0876369,,,
7,0.0462671,,,
7,0.0289755,,,
7,0.0434821,,,
7,0.159031,,,
7,0.169531,,,
7,0.182956,,,
7,0.184329,,,
7,0.195648,,,
7,0.213751,,,
7,0.465164,,,
7,0.515611,,,
8,0.00997529,,,
8,0.00986595,,,
8,0.0106133,,,
8,0.0108724,,,
8,0.352561,,,
8,1.9473,,,
8,0.133273,,,
8,0.0705152,,,
8,0.013125,,,
8,0.238079,,,
8,0.0120258,,,
8,0.0125851,,,
8,0.0807267,,,
8,0.162952,,,
8,0.190252,,,
8,0.216226,,,
8,2.06171,,,
8,0.0662743,,,
8,0.30902,,,
8,0.114355,,,
8,0.0369859,,,
8,0.0434821,,,
8,0.0520712,,,
8,0.28227,,,
8,0.580852,,,
8,1.45818,,,
8,1.82615,,,
8,0.346512,,,
8,0.00986507,,,
8,0.146616,,,
8,0.0551655,,,
8,0.0415233,,,
8,0.0643727,,,
8,0.0691659,,,
8,0.0876369,,,
8,0.163802,,,
8,0.06469,,,
8,0.35041,,,
8,0.00995611,,,
8,0.0462671,,,
8,0.0118796,,,
8,0.0217778,,,
8,0.0596983,,,
8,0.108379,,,
8,0.159031,,,
8,0.169531,,,
8,0.182956,,,
8,0.184329,,,
8,0.364543,,,
8,0.36839,,,
9,0.00986595,,,
9,0.00997529,,,
9,0.0108724,,,
9,0.013125,,,
9,0.0705152,,,
9,0.352561,,,
9,1.29372,,,
9,0.238079,,,
9,0.00986507,,,
9,0.0691659,,,
9,0.0118796,,,
9,0.0125851,,,
9,0.0662743,,,
9,0.0807267,,,
9,0.162952,,,
9,0.190252,,,
9,0.216226,,,
9,0.271022,,,
9,0.151685,,,
9,0.146616,,,
9,0.0369859,,,
9,0.0434821,,,
9,0.0520712,,,
9,0.0914201,,,
9,0.346512,,,
9,0.995065,,,
9,1.9466,,,
9,0.047909,,,
9,0.00995611,,,
9,0.133273,,,
9,0.0301698,,,
9,0.0551655,,,
9,0.0100447,,,
9,0.0462671,,,
9,0.0643727,,,
9,0.06469,,,
9,0.613513,,,
9,0.0106133,,,
9,0.0876369,,,
9,0.0196286,,,
9,0.0120258,,,
9,0.0217778,,,
9,0.0415233,,,
9,0.0596983,,,
9,0.108379,,,
9,0.159031,,,
9,0.182956,,,
9,0.184329,,,
9,0.28227,,,
9,0.30902,,,
10,0.00986595,,,
10,0.00997529,,,
10,0.0108724,,,
10,0.0705152,,,
10,0.16438,,,
10,0.352561,,,
10,0.0903358,,,
10,0.0462671,,,
10,0.0691659,,,
10,0.0100447,,,
10,0.0118796,,,
10,0.0120258,,,
10,0.122179,,,
10,0.146616,,,
10,0.151685,,,
10,0.158857,,,
10,0.0107613,,,
10,0.00986507,,,
10,0.0807267,,,
10,0.013125,,,
10,0.0120039,,,
10,0.0406929,,,
10,0.00995611,,,
10,0.047909,,,
10,0.0520712,,,
10,0.995065,,,
10,0.704389,,,
10,0.06469,,,
10,0.0662743,,,
10,0.0914201,,,
10,0.0217778,,,
10,0.0415233,,,
10,0.0196286,,,
10,0.0643727,,,
10,0.0876369,,,
10,0.771283,,,
10,0.567719,,,
10,0.133273,,,
10,0.190252,,,
10,0.0106133,,,
10,0.0125851,,,
10,0.0301698,,,
10,0.0434821,,,
10,0.0551655,,,
10,0.0596983,,,
10,0.108379,,,
10,0.159031,,,
10,0.182956,,,
10,0.238079,,,
10,0.271022,,,
11,0.00986595,,,
11,0.00997529,,,
11,0.0108724,,,
11,0.0462671,,,
11,0.0903358,,,
11,0.16438,,,
11,0.352561,,,
11,0.0876369,,,
11,0.0691659,,,
11,0.0234774,,,
11,0.011127,,,
11,0.0118824,,,
11,0.00986507,,,
11,0.0807267,,,
11,0.151685,,,
11,0.0110424,,,
11,1.15223,,,
11,0.0662743,,,
11,0.0250406,,,
11,0.0914201,,,
11,0.0120039,,,
11,0.0187826,,,
11,0.047909,,,
11,0.0520712,,,
11,0.995065,,,
11,0.372942,,,
11,2.54423,,,
11,0.00995611,,,
11,0.0705152,,,
11,0.0100447,,,
11,0.0125851,,,
11,0.0301698,,,
11,0.0106133,,,
11,0.0196286,,,
11,0.0643727,,,
11,0.133273,,,
11,0.771283,,,
11,0.013125,,,
11,0.06469,,,
11,0.0107613,,,
11,0.0217778,,,
11,0.0145683,,,
11,0.0406929,,,
11,0.0415233,,,
11,0.0434821,,,
11,0.0587337,,,
11,0.108379,,,
11,0.159031,,,
11,0.100758,,,
11,0.146616,,,
12,0.00986595,,,
12,0.00987222,,,
12,0.0108724,,,
12,0.0691659,,,
12,0.0876369,,,
12,1.21596,,,
12,0.302103,,,
12,0.047909,,,
12,0.0110424,,,
12,0.00995611,,,
12,0.00986698,,,
12,0.0100691,,,
12,0.00986507,,,
12,0.0250406,,,
12,0.151685,,,
12,1.15223,,,
12,0.371837,,,
12,0.0662743,,,
12,0.0462671,,,
12,0.0318461,,,
12,0.0120039,,,
12,0.0145683,,,
12,0.0520712,,,
12,0.0705152,,,
12,0.372942,,,
12,0.801061,,,
12,0.535087,,,
12,0.0234774,,,
12,0.013125,,,
12,0.0643727,,,
12,0.0105378,,,
12,0.0301698,,,
12,0.0106133,,,
12,0.0196286,,,
12,0.06469,,,
12,0.133273,,,
12,1.91207,,,
12,0.0107613,,,
12,0.0100447,,,
12,0.0807267,,,
12,0.011127,,,
12,0.01646,,,
12,0.0217778,,,
12,0.0406929,,,
12,0.0415233,,,
12,0.0434821,,,
12,0.0924607,,,
12,0.108379,,,
12,0.0903358,,,
12,0.0914201,,,
13,0.00986595,,,
13,0.00987222,,,
13,0.00995611,,,
13,0.0108724,,,
13,0.0110424,,,
13,0.047909,,,
13,0.0691659,,,
13,0.0903358,,,
13,0.0196286,,,
13,0.0100447,,,
13,0.00986468,,,
13,0.00986483,,,
13,0.0250406,,,
13,0.0318461,,,
13,0.0462671,,,
13,0.0662743,,,
13,1.36142,,,
13,0.00986507,,,
13,0.0914201,,,
13,0.151685,,,
13,0.00747433,,,
13,0.0100691,,,
13,0.013125,,,
13,0.0234774,,,
13,0.0643727,,,
13,0.0705152,,,
13,0.801061,,,
13,0.06469,,,
13,0.0807267,,,
13,0.00427256,,,
13,0.0105378,,,
13,0.011127,,,
13,0.0107613,,,
13,0.133273,,,
13,1.77675,,,
13,0.0788122,,,
13,1.03708,,,
13,0.302103,,,
13,0.0520712,,,
13,0.0106133,,,
13,0.0145683,,,
13,0.0301698,,,
13,0.0111347,,,
13,0.011425,,,
13,0.01646,,,
13,0.0217778,,,
13,0.0345234,,,
13,0.0415233,,,
13,0.356798,,,
13,0.371837,,,
14,0.00986595,,,
14,0.00987222,,,
14,0.0100447,,,
14,0.0196286,,,
14,0.047909,,,
14,0.0903358,,,
14,1.95202,,,
14,0.00986507,,,
14,0.0456779,,,
14,0.00995611,,,
14,0.00986468,,,
14,0.00986483,,,
14,0.0318461,,,
14,0.0662743,,,
14,0.151685,,,
14,1.36142,,,
14,2.41064,,,
14,0.00427256,,,
14,0.00336281,,,
14,0.0108724,,,
14,0.00361934,,,
14,0.00574491,,,
14,0.013125,,,
14,0.0643727,,,
14,0.06469,,,
14,0.801061,,,
14,0.884231,,,
14,0.0110424,,,
14,0.0234774,,,
14,0.0462671,,,
14,0.0105378,,,
14,0.0107861,,,
14,0.0106133,,,
14,0.0788122,,,
14,1.03708,,,
14,1.77675,,,
14,0.565636,,,
14,0.0250406,,,
14,0.0107613,,,
14,0.0520712,,,
14,0.00461588,,,
14,0.011425,,,
14,0.0145683,,,
14,0.01646,,,
14,0.0217778,,,
14,0.0230853,,,
14,0.0301698,,,
14,0.0345234,,,
14,0.0705152,,,
14,0.0807267,,,
15,0.00442777,,,
15,0.00461588,,,
15,0.0100447,,,
15,0.0196286,,,
15,0.0456779,,,
15,0.0903358,,,
15,0.211534,,,
15,0.0250406,,,
15,0.00995611,,,
15,0.0108724,,,
15,0.00986468,,,
15,0.00986483,,,
15,0.00336281,,,
15,0.00427256,,,
15,0.0318461,,,
15,0.101271,,,
15,1.96213,,,
15,0.00986507,,,
15,0.0106133,,,
15,0.013125,,,
15,0.00361934,,,
15,0.00574491,,,
15,0.0462671,,,
15,0.0643727,,,
15,0.627697,,,
15,0.801061,,,
15,1.46535,,,
15,0.0234774,,,
15,0.0212748,,,
15,0.0291002,,,
15,0.0105378,,,
15,0.000107326,,,
15,0.0107613,,,
15,0.0520712,,,
15,0.565636,,,
15,0.00980225,,,
15,1.58292,,,
15,0.0110424,,,
15,0.06469,,,
15,0.047909,,,
15,0.00986595,,,
15,0.00987222,,,
15,0.0107861,,,
15,0.011425,,,
15,0.0145683,,,
15,0.01646,,,
15,0.0196751,,,
15,0.0230853,,,
15,0.0662743,,,
15,0.0705152,,,
16,0.00442777,,,
16,0.00461588,,,
16,0.0196286,,,
16,0.0250406,,,
16,0.0456779,,,
16,0.0903358,,,
16,1.17536,,,
16,0.0107613,,,
16,0.0520712,,,
16,0.00427256,,,
16,0.00986468,,,
16,0.00986469,,,
16,0.00986507,,,
16,0.0106133,,,
16,0.013125,,,
16,0.101271,,,
16,2.04142,,,
16,0.0212748,,,
16,0.0291002,,,
16,0.0318461,,,
16,0.00361934,,,
16,0.00574491,,,
16,0.0462671,,,
16,0.0643727,,,
16,0.627697,,,
16,1.08731,,,
16,0.745206,,,
16,0.0110424,,,
16,0.00995611,,,
16,0.0100447,,,
16,0.000107326,,,
16,0.00986595,,,
16,0.00980225,,,
16,0.047909,,,
16,0.06469,,,
16,0.565636,,,
16,1.58292,,,
16,0.00336281,,,
16,0.0234774,,,
16,0.0108724,,,
16,0.0105378,,,
16,0.00987222,,,
16,0.0107861,,,
16,0.011425,,,
16,0.0145683,,,
16,0.01646,,,
16,0.0196751,,,
16,0.0230853,,,
16,0.0662743,,,
16,0.0705152,,,
17,0.000591328,,,
17,0.00461588,,,
17,0.0107613,,,
17,0.0196286,,,
17,0.0250406,,,
17,0.0903358,,,
17,0.471233,,,
17,0.0234774,,,
17,0.00427256,,,
17,0.00986507,,,
17,0.00986468,,,
17,0.00986469,,,
17,0.0106133,,,
17,0.013125,,,
17,0.0212748,,,
17,1.04494,,,
17,0.420943,,,
17,0.0456779,,,
17,0.0291002,,,
17,0.0462671,,,
17,0.00361934,,,
17,0.00574491,,,
17,0.00995611,,,
17,0.0110424,,,
17,0.0643727,,,
17,0.745206,,,
17,1.63108,,,
17,0.0100447,,,
17,0.00980225,,,
17,0.047909,,,
17,0.000107326,,,
17,0.00986595,,,
17,0.00336281,,,
17,0.0108724,,,
17,1.58292,,,
17,1.42582,,,
17,1.114,,,
17,0.0104898,,,
17,0.0520712,,,
17,0.0318461,,,
17,0.00442777,,,
17,0.0105378,,,
17,0.0107861,,,
17,0.011425,,,
17,0.0145683,,,
17,0.01646,,,
17,0.0196751,,,
17,0.0230853,,,
17,0.06469,,,
17,0.0662743,,,
18,0.000591328,,,
18,0.00391107,,,
18,0.00334496,,,
18,0.00427256,,,
18,0.0234774,,,
18,0.0903358,,,
18,0.00399906,,,
18,0.00986507,,,
18,0.0106133,,,
18,0.00336281,,,
18,0.00442777,,,
18,0.00986469,,,
18,0.013125,,,
18,0.0456779,,,
18,0.420943,,,
18,1.04494,,,
18,0.522442,,,
18,0.0108724,,,
18,0.0291002,,,
18,0.0212748,,,
18,0.00259593,,,
18,0.00361934,,,
18,0.0100447,,,
18,0.0110424,,,
18,0.0643727,,,
18,1.6468,,,
18,3.03912,,,
18,0.00980225,,,
18,0.0196286,,,
18,0.047909,,,
18,0.000107326,,,
18,0.00461588,,,
18,0.0104898,,,
18,0.0318461,,,
18,1.114,,,
18,1.42582,,,
18,1.58292,,,
18,0.00995611,,,
18,0.0107613,,,
18,0.0462671,,,
18,0.00986468,,,
18,0.00986595,,,
18,0.0105378,,,
18,0.0107861,,,
18,0.011425,,,
18,0.0145683,,,
18,0.01646,,,
18,0.0196751,,,
18,0.0520712,,,
18,0.06469,,,
19,0.000591328,,,
19,0.00391107,,,
19,0.00334496,,,
19,0.00336281,,,
19,0.0106133,,,
19,0.0903358,,,
19,2.11588,,,
19,0.0108724,,,
19,0.06469,,,
19,0.00980225,,,
19,0.00442777,,,
19,0.00986468,,,
19,0.013125,,,
19,0.0212748,,,
19,0.0456779,,,
19,0.420943,,,
19,1.04494,,,
19,0.00427256,,,
19,0.0462671,,,
19,0.0643727,,,
19,0.00259593,,,
19,0.00361934,,,
19,0.0100447,,,
19,0.0110424,,,
19,0.0196286,,,
19,0.047909,,,
19,1.6468,,,
19,0.0291002,,,
19,0.00399906,,,
19,0.00986507,,,
19,0.000107326,,,
19,0.00461588,,,
19,0.00995611,,,
19,0.0104898,,,
19,0.0107613,,,
19,1.42582,,,
19,1.99206,,,
19,0.0234774,,,
19,0.0318461,,,
19,0.0520712,,,
19,0.00986469,,,
19,0.00986595,,,
19,0.0105378,,,
19,0.0107861,,,
19,0.011425,,,
19,0.0145683,,,
19,0.01646,,,
19,0.0196751,,,
20,3.91E-05,,,
20,0.000320935,,,
20,0.00336281,,,
20,0.0106133,,,
20,0.0108724,,,
20,0.181117,,,
20,0.00117388,,,
20,0.00442777,,,
20,0.00986468,,,
20,0.013125,,,
20,0.0456779,,,
20,0.0643727,,,
20,0.420943,,,
20,1.04494,,,
20,0.00259593,,,
20,0.00361934,,,
20,0.0100447,,,
20,0.0110424,,,
20,0.047909,,,
20,0.295291,,,
20,0.0688877,,,
20,0.000107326,,,
20,0.00278259,,,
20,0.00995611,,,
20,0.0104898,,,
20,0.0107613,,,
20,0.0520712,,,
20,0.984046,,,
20,0.000899446,,,
20,0.00461588,,,
20,0.00986469,,,
20,0.00986595,,,
20,0.0105378,,,
20,0.0107861,,,
20,0.011425,,,
20,0.0145683,,,
20,0.00334496,,,
20,0.00399906,,,
21,3.91E-05,,,
21,0.000320935,,,
21,0.00117388,,,
21,0.00336281,,,
21,0.0106133,,,
21,0.0108724,,,
21,1.89758,,,
21,0.00442777,,,
21,0.00461588,,,
21,0.013125,,,
21,0.0643727,,,
21,0.420943,,,
21,1.04494,,,
21,0.803914,,,
21,0.00259593,,,
21,0.00361934,,,
21,0.0100447,,,
21,0.0110424,,,
21,0.047909,,,
21,0.0688877,,,
21,2.00168,,,
21,0.000107326,,,
21,0.000899446,,,
21,0.00995611,,,
21,0.0104898,,,
21,0.0107613,,,
21,0.0520712,,,
21,0.984046,,,
21,0.00278259,,,
21,0.00986468,,,
21,0.00986469,,,
21,0.00986595,,,
21,0.0105378,,,
21,0.0107861,,,
21,0.011425,,,
21,0.0145683,,,
21,0.00334496,,,
21,0.00399906,,,
22,3.91E-05,,,
22,0.000320935,,,
22,0.00117388,,,
22,0.00336281,,,
22,0.0106133,,,
22,1.89758,,,
22,1.49662,,,
22,0.00278259,,,
22,0.00461588,,,
22,0.013125,,,
22,0.420943,,,
22,0.554462,,,
22,0.803914,,,
22,1.98727,,,
22,0.00259593,,,
22,0.00361934,,,
22,0.0100447,,,
22,0.0110424,,,
22,0.0688877,,,
22,0.191164,,,
22,0.108364,,,
22,0.000107326,,,
22,0.000899446,,,
22,0.00995611,,,
22,0.0104898,,,
22,0.0107613,,,
22,0.984046,,,
22,1.45302,,,
22,0.00442777,,,
22,0.00610613,,,
22,0.00986468,,,
22,0.00986469,,,
22,0.00986595,,,
22,0.0105378,,,
22,0.011425,,,
22,0.0145683,,,
22,0.00334496,,,
22,0.00399906,,,
23,3.91E-05,,,
23,0.000320935,,,
23,0.00117388,,,
23,0.00336281,,,
23,0.0106133,,,
23,1.49662,,,
23,1.8333,,,
23,0.00278259,,,
23,0.00442777,,,
23,0.013125,,,
23,0.419189,,,
23,0.799422,,,
23,0.858205,,,
23,0.968265,,,
23,0.00259593,,,
23,0.00361934,,,
23,0.0100447,,,
23,0.0110424,,,
23,0.108364,,,
23,0.191164,,,
23,1.52982,,,
23,8.30E-05,,,
23,0.000107326,,,
23,0.00995611,,,
23,0.0104898,,,
23,0.0107613,,,
23,0.984046,,,
23,1.45302,,,
23,0.00461588,,,
23,0.00610613,,,
23,0.00986468,,,
23,0.00986469,,,
23,0.00986595,,,
23,0.0105378,,,
23,0.011425,,,
23,0.0145683,,,
23,0.00334496,,,
23,0.00399906,,,
24,3.91E-05,,,
24,0.000320935,,,
24,0.00117388,,,
24,0.00336281,,,
24,0.0106133,,,
24,1.49662,,,
24,0.234269,,,
24,0.00278259,,,
24,0.00442777,,,
24,0.013125,,,
24,0.29827,,,
24,0.419189,,,
24,0.799422,,,
24,0.858205,,,
24,0.000290162,,,
24,0.00361934,,,
24,0.000637915,,,
24,0.0966596,,,
24,0.108364,,,
24,0.191164,,,
24,0.452902,,,
24,8.30E-05,,,
24,8.62E-05,,,
24,0.00995611,,,
24,0.0104898,,,
24,0.0107613,,,
24,0.984046,,,
24,0.157927,,,
24,0.00461588,,,
24,0.00610613,,,
24,0.00986468,,,
24,0.00986469,,,
24,0.00986595,,,
24,0.0105378,,,
24,0.011425,,,
24,0.0145683,,,
24,0.00334496,,,
24,0.00399906,,,
25,1.61E-05,,,
25,3.91E-05,,,
25,0.00336281,,,
25,0.0106133,,,
25,0.234269,,,
25,0.799224,,,
25,0.816233,,,
25,0.00278259,,,
25,0.00442777,,,
25,0.013125,,,
25,0.179789,,,
25,0.29827,,,
25,0.799422,,,
25,0.858205,,,
25,0.000290162,,,
25,0.00361934,,,
25,0.000637915,,,
25,0.0966596,,,
25,0.108364,,,
25,0.191164,,,
25,0.452902,,,
25,8.30E-05,,,
25,8.57E-05,,,
25,0.00995611,,,
25,0.0104898,,,
25,0.0107613,,,
25,0.157927,,,
25,0.984046,,,
25,0.00461588,,,
25,0.00610613,,,
25,0.00986468,,,
25,0.00986469,,,
25,0.00986595,,,
25,0.0105378,,,
25,0.011425,,,
25,0.0145683,,,
25,0.00334496,,,
25,0.00399906,,,
26,1.61E-05,,,
26,3.91E-05,,,
26,0.0106133,,,
26,0.234269,,,
26,0.799224,,,
26,0.816233,,,
26,1.31153,,,
26,0.00278259,,,
26,0.00442777,,,
26,0.179789,,,
26,0.29827,,,
26,0.799422,,,
26,0.858205,,,
26,0.797777,,,
26,0.000290162,,,
26,0.00361934,,,
26,0.000637915,,,
26,0.0966596,,,
26,0.108364,,,
26,0.191164,,,
26,0.677088,,,
26,8.30E-05,,,
26,8.57E-05,,,
26,0.00995611,,,
26,0.0104898,,,
26,0.157927,,,
26,0.984046,,,
26,0.830994,,,
26,0.00461588,,,
26,0.00610613,,,
26,0.00986468,,,
26,0.00986469,,,
26,0.00986595,,,
26,0.0105378,,,
26,0.011425,,,
26,0.0145683,,,
26,0.00334496,,,
26,0.00399906,,,
27,1.61E-05,,,
27,3.91E-05,,,
27,0.000728169,,,
27,0.0106133,,,
27,0.16746,,,
27,0.799224,,,
27,0.00016913,,,
27,0.00278259,,,
27,0.00442777,,,
27,0.179789,,,
27,0.29827,,,
27,0.799422,,,
27,0.858205,,,
27,0.361962,,,
27,0.000290162,,,
27,0.00361934,,,
27,0.000637915,,,
27,0.0966596,,,
27,0.108364,,,
27,0.677088,,,
27,2.00499,,,
27,8.30E-05,,,
27,8.57E-05,,,
27,0.0104898,,,
27,0.157927,,,
27,0.830994,,,
27,0.984046,,,
27,0.0139207,,,
27,0.00461588,,,
27,0.00610613,,,
27,0.00986468,,,
27,0.00986469,,,
27,0.00986595,,,
27,0.0105378,,,
27,0.011425,,,
27,0.0145683,,,
27,0.00334496,,,
27,0.00399906,,,
28,1.61E-05,,,
28,3.91E-05,,,
28,0.00016913,,,
28,0.000177858,,,
28,0.0106133,,,
28,0.16746,,,
28,3.08649,,,
28,0.0015798,,,
28,0.00278259,,,
28,0.179789,,,
28,0.29827,,,
28,0.361962,,,
28,0.858205,,,
28,1.24568,,,
28,0.000290162,,,
28,0.00361934,,,
28,0.000637915,,,
28,0.108364,,,
28,0.677088,,,
28,1.96744,,,
28,0.409542,,,
28,8.30E-05,,,
28,8.30E-05,,,
28,0.0104898,,,
28,0.157927,,,
28,0.830994,,,
28,0.984046,,,
28,1.29482,,,
28,0.00461588,,,
28,0.00610613,,,
28,0.00986468,,,
28,0.00986469,,,
28,0.00986595,,,
28,0.0105378,,,
28,0.011425,,,
28,0.0145683,,,
28,0.00334496,,,
28,0.00399906,,,
29,4.76E-06,,,
29,1.31E-05,,,
29,0.00016913,,,
29,0.0106133,,,
29,0.16746,,,
29,2.63768,,,
29,0.092612,,,
29,0.0015798,,,
29,0.00278259,,,
29,0.179789,,,
29,0.273113,,,
29,0.29827,,,
29,0.321377,,,
29,1.24568,,,
29,0.000290162,,,
29,0.00361934,,,
29,0.000637915,,,
29,0.409542,,,
29,0.677088,,,
29,0.91469,,,
29,1.12928,,,
29,8.30E-05,,,
29,8.30E-05,,,
29,0.0104898,,,
29,0.157927,,,
29,0.830994,,,
29,1.29482,,,
29,2.29798,,,
29,0.00461588,,,
29,0.00610613,,,
29,0.00986468,,,
29,0.00986469,,,
29,0.00986595,,,
29,0.0105378,,,
29,0.011425,,,
29,0.0145683,,,
29,0.00334496,,,
29,0.00399906,,,
30,4.76E-06,,,
30,1.31E-05,,,
30,0.00016913,,,
30,0.092612,,,
30,0.16746,,,
30,2.63768,,,
30,0.736489,,,
30,0.0015798,,,
30,0.00228211,,,
30,0.0708949,,,
30,0.273113,,,
30,0.321377,,,
30,1.24568,,,
30,1.82252,,,
30,0.000290162,,,
30,0.00261872,,,
30,0.000637915,,,
30,0.409542,,,
30,0.586593,,,
30,1.12928,,,
30,0.275254,,,
30,8.30E-05,,,
30,8.30E-05,,,
30,0.0062212,,,
30,0.0104898,,,
30,0.157927,,,
30,0.830994,,,
30,2.29798,,,
30,0.00461588,,,
30,0.00610613,,,
30,0.00986468,,,
30,0.00986469,,,
30,0.00986595,,,
30,0.0105378,,,
30,0.011425,,,
30,0.0145683,,,
30,0.00334496,,,
30,0.00399906,,,
31,4.76E-06,,,
31,1.31E-05,,,
31,0.00016913,,,
31,0.0441925,,,
31,0.092612,,,
31,0.736489,,,
31,2.01228,,,
31,0.0015798,,,
31,0.00198947,,,
31,0.0467455,,,
31,0.273113,,,
31,1.24568,,,
31,1.82252,,,
31,0.492219,,,
31,0.000290162,,,
31,0.00261872,,,
31,0.275254,,,
31,0.409542,,,
31,0.586593,,,
31,1.12928,,,
31,0.839217,,,
31,1.74E-05,,,
31,1.58E-05,,,
31,2.30E-05,,,
31,0.157927,,,
31,0.830994,,,
31,2.29798,,,
31,2.01E-05,,,
31,0.00461588,,,
31,0.00610613,,,
31,0.00986468,,,
31,0.00986469,,,
31,0.00986595,,,
31,0.0105378,,,
31,0.011425,,,
31,0.0145683,,,
31,0.00334496,,,
31,0.00399906,,,
32,4.76E-06,,,
32,1.31E-05,,,
32,0.00016913,,,
32,0.0441925,,,
32,0.736489,,,
32,2.01228,,,
32,0.4196,,,
32,0.00131943,,,
32,0.0015798,,,
32,0.0227473,,,
32,0.273113,,,
32,0.492219,,,
32,1.82252,,,
32,1.14535,,,
32,0.000290162,,,
32,0.00155683,,,
32,0.275254,,,
32,0.333755,,,
32,0.586593,,,
32,0.839217,,,
32,0.394632,,,
32,1.58E-05,,,
32,1.74E-05,,,
32,2.01E-05,,,
32,2.30E-05,,,
32,0.157927,,,
32,2.29798,,,
32,0.977529,,,
32,0.00461588,,,
32,0.00610613,,,
32,0.00986468,,,
32,0.00986469,,,
32,0.00986595,,,
32,0.0105378,,,
32,0.011425,,,
32,0.0145683,,,
32,0.00334496,,,
32,0.00399906,,,
33,2.71E-06,,,
33,1.31E-05,,,
33,0.00016913,,,
33,0.0441925,,,
33,0.4196,,,
33,0.736489,,,
33,1.83897,,,
33,0.00131943,,,
33,0.0015798,,,
33,0.0227473,,,
33,0.0614018,,,
33,0.492219,,,
33,1.14535,,,
33,2.10227,,,
33,0.000290162,,,
33,0.00155683,,,
33,0.0194809,,,
33,0.275254,,,
33,0.333755,,,
33,0.344179,,,
33,1.96893,,,
33,1.58E-05,,,
33,1.58E-05,,,
33,2.01E-05,,,
33,2.30E-05,,,
33,0.157927,,,
33,0.977529,,,
33,1.79E-05,,,
33,0.00461588,,,
33,0.00610613,,,
33,0.00986468,,,
33,0.00986469,,,
33,0.00986595,,,
33,0.0105378,,,
33,0.011425,,,
33,0.0145683,,,
33,0.00334496,,,
33,0.00399906,,,
34,2.71E-06,,,
34,1.15E-05,,,
34,0.0441925,,,
34,0.362856,,,
34,0.4196,,,
34,1.04859,,,
34,0.0561688,,,
34,0.00131943,,,
34,0.0015798,,,
34,0.0227473,,,
34,0.0614018,,,
34,1.14535,,,
34,2.10227,,,
34,0.328114,,,
34,0.000290162,,,
34,0.00155683,,,
34,0.0194809,,,
34,0.333755,,,
34,0.344179,,,
34,1.96893,,,
34,1.93608,,,
34,1.38E-05,,,
34,1.58E-05,,,
34,1.39E-05,,,
34,2.30E-05,,,
34,0.157927,,,
34,0.184709,,,
34,0.690177,,,
34,0.00461588,,,
34,0.00610613,,,
34,0.00986468,,,
34,0.00986469,,,
34,0.00986595,,,
34,0.0105378,,,
34,0.011425,,,
34,0.0145683,,,
34,0.00334496,,,
34,0.00399906,,,
35,2.71E-06,,,
35,1.15E-05,,,
35,0.0441925,,,
35,0.0479005,,,
35,0.362856,,,
35,0.4196,,,
35,1.04859,,,
35,0.00131943,,,
35,0.0015798,,,
35,0.0227473,,,
35,0.0614018,,,
35,1.14535,,,
35,1.68547,,,
35,1.34071,,,
35,0.000290162,,,
35,0.00155683,,,
35,0.0194809,,,
35,0.344179,,,
35,1.93608,,,
35,1.96893,,,
35,2.8998,,,
35,1.37E-05,,,
35,1.38E-05,,,
35,1.39E-05,,,
35,0.157927,,,
35,0.184709,,,
35,0.690177,,,
35,1.60776,,,
35,0.00461588,,,
35,0.00610613,,,
35,0.00986468,,,
35,0.00986469,,,
35,0.00986595,,,
35,0.0105378,,,
35,0.011425,,,
35,0.0145683,,,
35,0.00334496,,,
35,0.00399906,,,
36,2.71E-06,,,
36,1.15E-05,,,
36,0.0370831,,,
36,0.362856,,,
36,0.4196,,,
36,1.04859,,,
36,1.93248,,,
36,0.001164,,,
36,0.00131943,,,
36,0.0614018,,,
36,0.337337,,,
36,1.34071,,,
36,1.68547,,,
36,1.99723,,,
36,0.000290162,,,
36,0.00155683,,,
36,0.0194809,,,
36,0.0610285,,,
36,1.12024,,,
36,1.93608,,,
36,0.0202126,,,
36,1.37E-05,,,
36,1.38E-05,,,
36,1.39E-05,,,
36,0.157927,,,
36,0.184709,,,
36,0.690177,,,
36,0.769948,,,
36,0.00461588,,,
36,0.00610613,,,
36,0.00986468,,,
36,0.00986469,,,
36,0.00986595,,,
36,0.0105378,,,
36,0.011425,,,
36,0.0145683,,,
36,0.00334496,,,
36,0.00399906,,,
37,2.71E-06,,,
37,3.47E-06,,,
37,0.0370831,,,
37,0.236167,,,
37,0.362856,,,
37,1.04859,,,
37,1.28867,,,
37,0.00104567,,,
37,0.001164,,,
37,0.0614018,,,
37,0.27684,,,
37,0.767181,,,
37,1.34071,,,
37,0.0580895,,,
37,0.000290162,,,
37,0.00155683,,,
37,0.0194809,,,
37,0.0202126,,,
37,0.0610285,,,
37,1.12024,,,
37,2.00127,,,
37,1.36E-05,,,
37,1.37E-05,,,
37,1.39E-05,,,
37,0.184709,,,
37,0.690177,,,
37,0.769948,,,
37,1.37E-05,,,
37,0.00461588,,,
37,0.00610613,,,
37,0.00986468,,,
37,0.00986469,,,
37,0.00986595,,,
37,0.0105378,,,
37,0.011425,,,
37,0.0145683,,,
37,0.00334496,,,
37,0.00399906,,,
38,2.38E-06,,,
38,2.71E-06,,,
38,0.0370831,,,
38,0.236167,,,
38,0.362856,,,
38,0.632644,,,
38,0.776125,,,
38,0.00104567,,,
38,0.001164,,,
38,0.0614018,,,
38,0.27684,,,
38,0.767181,,,
38,1.34071,,,
38,0.233627,,,
38,0.000290162,,,
38,0.00154564,,,
38,0.00362451,,,
38,0.0202126,,,
38,0.0610285,,,
38,0.911931,,,
38,0.498397,,,
38,1.36E-05,,,
38,1.37E-05,,,
38,1.36E-05,,,
38,0.184709,,,
38,0.627293,,,
38,0.769948,,,
38,1.79513,,,
38,0.00461588,,,
38,0.00610613,,,
38,0.00986468,,,
38,0.00986469,,,
38,0.00986595,,,
38,0.0105378,,,
38,0.011425,,,
38,0.0145683,,,
38,0.00334496,,,
38,0.00399906,,,
39,2.38E-06,,,
39,2.71E-06,,,
39,0.0930052,,,
39,0.236167,,,
39,0.362856,,,
39,0.776125,,,
39,0.247657,,,
39,0.00104567,,,
39,0.00108031,,,
39,0.0614018,,,
39,0.233627,,,
39,0.27684,,,
39,0.767181,,,
39,1.98072,,,
39,0.000290162,,,
39,0.00154564,,,
39,0.00362451,,,
39,0.0202126,,,
39,0.0610285,,,
39,0.310708,,,
39,0.911931,,,
39,1.35E-05,,,
39,1.35E-05,,,
39,1.36E-05,,,
39,0.184709,,,
39,0.627293,,,
39,0.769948,,,
39,1.35E-05,,,
39,0.00335742,,,
39,0.00461588,,,
39,0.00610613,,,
39,0.00986468,,,
39,0.00986469,,,
39,0.00986595,,,
39,0.0105378,,,
39,0.011425,,,
39,0.00334496,,,
39,0.00399906,,,
40,2.38E-06,,,
40,2.71E-06,,,
40,0.0930052,,,
40,0.236167,,,
40,0.247657,,,
40,0.362856,,,
40,0.776125,,,
40,0.00104567,,,
40,0.00108031,,,
40,0.0614018,,,
40,0.233627,,,
40,0.27684,,,
40,0.767181,,,
40,0.322145,,,
40,0.000290162,,,
40,0.00154564,,,
40,0.00362451,,,
40,0.0610285,,,
40,0.310708,,,
40,0.911931,,,
40,0.99574,,,
40,1.35E-05,,,
40,1.35E-05,,,
40,1.35E-05,,,
40,0.184709,,,
40,0.627293,,,
40,0.769948,,,
40,1.12664,,,
40,0.00335742,,,
40,0.00461588,,,
40,0.00610613,,,
40,0.00986468,,,
40,0.00986469,,,
40,0.00986595,,,
40,0.0105378,,,
40,0.011425,,,
40,1.36E-05,,,
40,0.00334496,,,
41,2.38E-06,,,
41,2.71E-06,,,
41,0.0930052,,,
41,0.236167,,,
41,0.247657,,,
41,0.362856,,,
41,0.776125,,,
41,0.00104567,,,
41,0.00107567,,,
41,0.0614018,,,
41,0.233627,,,
41,0.322145,,,
41,0.733775,,,
41,1.10855,,,
41,5.64E-05,,,
41,0.000290162,,,
41,0.00362451,,,
41,0.0610285,,,
41,0.911931,,,
41,0.99574,,,
41,1.53015,,,
41,1.35E-05,,,
41,1.35E-05,,,
41,1.35E-05,,,
41,0.184709,,,
41,0.468683,,,
41,0.886191,,,
41,1.13257,,,
41,0.00335742,,,
41,0.00461588,,,
41,0.00610613,,,
41,0.00986468,,,
41,0.00986469,,,
41,0.00986595,,,
41,0.0105378,,,
41,0.011425,,,
41,1.36E-05,,,
41,0.00334496,,,
42,2.38E-06,,,
42,2.43E-06,,,
42,0.0930052,,,
42,0.247657,,,
42,0.362856,,,
42,0.511394,,,
42,1.2611,,,
42,0.00104567,,,
42,0.00107567,,,
42,0.0614018,,,
42,0.233627,,,
42,0.322145,,,
42,0.733775,,,
42,0.108427,,,
42,5.64E-05,,,
42,0.000290162,,,
42,0.00362451,,,
42,0.0610285,,,
42,0.41107,,,
42,1.53015,,,
42,0.691355,,,
42,1.35E-05,,,
42,1.35E-05,,,
42,1.35E-05,,,
42,0.468683,,,
42,0.886191,,,
42,1.04289,,,
42,0.300423,,,
42,0.00335742,,,
42,0.00461588,,,
42,0.00610613,,,
42,0.00986468,,,
42,0.00986469,,,
42,0.00986595,,,
42,0.0105378,,,
42,0.011425,,,
42,1.36E-05,,,
42,0.00334496,,,
43,2.38E-06,,,
43,2.43E-06,,,
43,0.0930052,,,
43,0.362856,,,
43,0.492514,,,
43,0.511394,,,
43,2.15616,,,
43,0.00102927,,,
43,0.00104567,,,
43,0.0140233,,,
43,0.0614018,,,
43,0.233627,,,
43,0.733775,,,
43,2.20496,,,
43,2.47E-05,,,
43,5.64E-05,,,
43,0.0610285,,,
43,0.381814,,,
43,0.691355,,,
43,1.53015,,,
43,0.419063,,,
43,1.35E-05,,,
43,1.35E-05,,,
43,1.35E-05,,,
43,0.468683,,,
43,0.886191,,,
43,1.04289,,,
43,0.137067,,,
43,0.00335742,,,
43,0.00461588,,,
43,0.00610613,,,
43,0.00986468,,,
43,0.00986469,,,
43,0.00986595,,,
43,0.0105378,,,
43,0.011425,,,
43,1.36E-05,,,
43,0.00334496,,,
44,2.38E-06,,,
44,2.43E-06,,,
44,0.0930052,,,
44,0.362856,,,
44,0.492514,,,
44,0.511394,,,
44,0.935445,,,
44,0.000444974,,,
44,0.00104567,,,
44,0.0140233,,,
44,0.0614018,,,
44,0.233627,,,
44,2.20496,,,
44,3.71014,,,
44,2.47E-05,,,
44,5.64E-05,,,
44,0.04032,,,
44,0.193097,,,
44,0.419063,,,
44,0.691355,,,
44,1.4545,,,
44,1.35E-05,,,
44,1.35E-05,,,
44,1.35E-05,,,
44,0.137067,,,
44,0.219819,,,
44,0.739314,,,
44,1.1962,,,
44,0.00102927,,,
44,0.00335742,,,
44,0.00461588,,,
44,0.00986468,,,
44,0.00986469,,,
44,0.00986595,,,
44,0.0105378,,,
44,0.011425,,,
44,1.36E-05,,,
44,0.00334496,,,
45,2.38E-06,,,
45,2.41E-06,,,
45,0.362856,,,
45,0.492514,,,
45,0.511394,,,
45,0.935445,,,
45,1.71105,,,
45,0.000244618,,,
45,0.00102927,,,
45,0.0140233,,,
45,0.0614018,,,
45,0.233627,,,
45,3.71014,,,
45,0.623638,,,
45,9.17E-06,,,
45,2.47E-05,,,
45,0.04032,,,
45,0.193097,,,
45,0.419063,,,
45,0.691355,,,
45,2.18339,,,
45,1.35E-05,,,
45,1.35E-05,,,
45,1.35E-05,,,
45,0.137067,,,
45,0.219819,,,
45,0.475317,,,
45,1.35E-05,,,
45,0.00104567,,,
45,0.00335742,,,
45,0.00461588,,,
45,0.00986468,,,
45,0.00986469,,,
45,0.00986595,,,
45,0.0105378,,,
45,0.011425,,,
45,1.36E-05,,,
45,0.00334496,,,
46,2.38E-06,,,
46,2.41E-06,,,
46,0.362856,,,
46,0.492514,,,
46,0.511394,,,
46,0.935445,,,
46,1.71105,,,
46,0.000244618,,,
46,0.00102927,,,
46,0.0140233,,,
46,0.0614018,,,
46,0.233627,,,
46,0.833148,,,
46,1.89871,,,
46,9.17E-06,,,
46,2.47E-05,,,
46,0.04032,,,
46,0.193097,,,
46,0.419063,,,
46,2.1109,,,
46,1.74404,,,
46,1.35E-05,,,
46,1.35E-05,,,
46,1.35E-05,,,
46,1.35E-05,,,
46,0.137067,,,
46,0.219819,,,
46,1.81262,,,
46,0.00104567,,,
46,0.00335742,,,
46,0.00461588,,,
46,0.00986468,,,
46,0.00986469,,,
46,0.00986595,,,
46,0.0105378,,,
46,0.011425,,,
46,1.36E-05,,,
46,0.00334496,,,
47,2.38E-06,,,
47,2.41E-06,,,
47,0.362856,,,
47,0.488006,,,
47,0.492514,,,
47,0.935445,,,
47,2.29311,,,
47,2.90E-06,,,
47,0.00102927,,,
47,0.0614018,,,
47,0.233627,,,
47,0.833148,,,
47,1.89871,,,
47,2.70019,,,
47,9.17E-06,,,
47,2.47E-05,,,
47,0.04032,,,
47,0.193097,,,
47,0.268179,,,
47,1.47018,,,
47,1.53367,,,
47,1.35E-05,,,
47,1.35E-05,,,
47,1.35E-05,,,
47,1.35E-05,,,
47,0.219819,,,
47,1.81262,,,
47,0.0167716,,,
47,0.000244618,,,
47,0.00104567,,,
47,0.00335742,,,
47,0.00461588,,,
47,0.00986468,,,
47,0.00986469,,,
47,0.0105378,,,
47,0.011425,,,
47,1.36E-05,,,
47,0.00334496,,,
48,2.38E-06,,,
48,2.41E-06,,,
48,0.115008,,,
48,0.2592,,,
48,0.362856,,,
48,0.488006,,,
48,0.935445,,,
48,2.90E-06,,,
48,9.86E-05,,,
48,0.0614018,,,
48,0.833148,,,
48,0.91568,,,
48,1.78265,,,
48,1.27052,,,
48,9.17E-06,,,
48,2.47E-05,,,
48,0.04032,,,
48,0.193097,,,
48,0.268179,,,
48,1.52629,,,
48,1.54372,,,
48,1.35E-05,,,
48,1.35E-05,,,
48,1.35E-05,,,
48,1.35E-05,,,
48,0.00466455,,,
48,0.219819,,,
48,1.47975,,,
48,0.00102927,,,
48,0.000244618,,,
48,0.00104567,,,
48,0.00335742,,,
48,0.00461588,,,
48,0.00986468,,,
48,0.0105378,,,
48,0.011425,,,
48,1.35E-05,,,
48,1.36E-05,,,
49,2.38E-06,,,
49,2.41E-06,,,
49,0.115008,,,
49,0.357223,,,
49,0.362856,,,
49,0.488006,,,
49,0.356388,,,
49,2.90E-06,,,
49,1.77E-05,,,
49,0.0614018,,,
49,0.833148,,,
49,1.27052,,,
49,1.78265,,,
49,1.97346,,,
49,9.17E-06,,,
49,2.47E-05,,,
49,0.04032,,,
49,0.193097,,,
49,0.268179,,,
49,1.17163,,,
49,2.2072,,,
49,1.35E-05,,,
49,1.35E-05,,,
49,1.35E-05,,,
49,1.35E-05,,,
49,0.120359,,,
49,0.219819,,,
49,0.583801,,,
49,0.000244618,,,
49,0.00102927,,,
49,0.00104567,,,
49,0.00335742,,,
49,0.00461588,,,
49,0.00986468,,,
49,0.0105378,,,
49,0.011425,,,
49,1.35E-05,,,
49,1.36E-05,,,
50,2.38E-06,,,
50,2.41E-06,,,
50,0.0560779,,,
50,0.356388,,,
50,0.357223,,,
50,0.488006,,,
50,1.32207,,,
50,8.04E-07,,,
50,1.77E-05,,,
50,0.0614018,,,
50,0.554492,,,
50,1.27052,,,
50,1.78265,,,
50,1.7875,,,
50,9.17E-06,,,
50,2.47E-05,,,
50,0.04032,,,
50,0.193097,,,
50,0.268179,,,
50,1.17163,,,
50,2.2072,,,
50,1.35E-05,,,
50,1.35E-05,,,
50,1.35E-05,,,
50,1.35E-05,,,
50,0.0238409,,,
50,0.583801,,,
50,0.0056628,,,
50,0.000244618,,,
50,0.00102927,,,
50,0.00104567,,,
50,0.00335742,,,
50,0.00461588,,,
50,0.00986468,,,
50,0.0105378,,,
50,0.011425,,,
50,1.35E-05,,,
50,1.36E-05,,,
