1, 0.256918
1,  48.8363
1,  46975.5
1,  1229.34
1,  1731.11
1,  6388.77
1,  53.6033
1,  51.5777
1,  39.0858
1,  3.09709
1,  19.2773
1,  171.709
1,  10950.6
1,  194.474
1,  1874.39
1,  47541.1
1,  272.226
1,  1191.4
1,  0.514674
1,  838.798
1,  107.279
1,  138.494
1,  1195.93
1,  800.429
1,  195.689
1,  13403.3
1,  176.612
1,  363.145
1,  58.5365
1,  51.6354
1,  5.62469
1,  455.034
1,  5544.18
1,  718.438
1,  1688.96
1,  4214.97
1,  641.416
1,  111.349
1,  2.37309
1,  986.657
1,  294.672
1,  485.601
1,  171.555
1,  568.019
1,  590.494
1,  285.281
1,  452.549
1,  234.688
1,  1975.35
1,  2149.19
2, 0.256918
2,  5.69409
2,  246.624
2,  51.5777
2,  39.0858
2,  709.9
2,  2737.46
2,  3.09709
2,  272.226
2,  5.1398
2,  19.2773
2,  107.279
2,  10950.6
2,  47541.1
2,  0.514674
2,  7702.91
2,  125.223
2,  754.26
2,  986.657
2,  194.474
2,  8.26087
2,  21.9801
2,  1195.93
2,  800.429
2,  363.145
2,  58.5365
2,  51.6354
2,  176.612
2,  8.51517
2,  70.615
2,  5.62469
2,  19.2391
2,  54.8538
2,  641.416
2,  111.349
2,  2.37309
2,  14.9586
2,  9.76212
2,  1191.4
2,  4.88211
2,  43.799
2,  171.555
2,  285.281
2,  171.709
2,  208.172
2,  84.2585
2,  48.8363
2,  114.504
2,  1552.69
2,  1688.96
3, 0.256918
3,  0.956767
3,  246.624
3,  51.5777
3,  3.09709
3,  27386.9
3,  942.347
3,  194.474
3,  67.4584
3,  4.88211
3,  19.2773
3,  10.1884
3,  47541.1
3,  0.514674
3,  754.26
3,  228.98
3,  106.511
3,  111.349
3,  0.536167
3,  149.161
3,  8.26087
3,  21.9801
3,  1195.93
3,  58.5365
3,  51.6354
3,  8.51517
3,  70.615
3,  16.5013
3,  39.0858
3,  125.223
3,  5.62469
3,  19.2391
3,  54.8538
3,  2.37309
3,  9.76212
3,  150.238
3,  78.7234
3,  5.1398
3,  116.294
3,  14.9586
3,  43.799
3,  45.5963
3,  5.69409
3,  84.2585
3,  48.8363
3,  114.504
3,  143.055
3,  91.5168
3,  363.145
3,  514.386
4, 0.256918
4,  0.956767
4,  51.5777
4,  27386.9
4,  194.474
4,  968.409
4,  644.019
4,  5.29093
4,  3.09709
4,  0.536167
4,  5.69409
4,  3.03214
4,  40016
4,  0.514674
4,  562.488
4,  1.24143
4,  111.349
4,  5.1398
4,  54.8538
4,  39.0858
4,  8.26087
4,  21.9801
4,  1195.93
4,  58.5365
4,  8.51517
4,  70.615
4,  16.5013
4,  16.6333
4,  13.8093
4,  9.76212
4,  5.62469
4,  9.40241
4,  2.37309
4,  7.58856
4,  78.7234
4,  116.294
4,  11677.5
4,  14.9586
4,  51.6354
4,  1.02662
4,  43.799
4,  45.5963
4,  6.53729
4,  84.2585
4,  48.8363
4,  91.5168
4,  19.2391
4,  23.3578
4,  62.43
4,  67.4584
5, 0.256918
5,  0.956767
5,  51.5777
5,  0.813987
5,  0.536167
5,  140.413
5,  12.1594
5,  9.76212
5,  7.58856
5,  51.6354
5,  5.31361
5,  3.03214
5,  1.24143
5,  54.8538
5,  39.0858
5,  473.604
5,  249.872
5,  0.514674
5,  2.37309
5,  1.02662
5,  6.53729
5,  2.3476
5,  58.5365
5,  70.615
5,  16.6333
5,  6.03663
5,  295.159
5,  5.1398
5,  8.51517
5,  0.449727
5,  5.62469
5,  9.40241
5,  78.7234
5,  116.294
5,  11677.5
5,  14.9586
5,  182.33
5,  16.5013
5,  8.96954
5,  5.29093
5,  43.799
5,  45.5963
5,  8.26087
5,  48.8363
5,  19.2391
5,  23.3578
5,  5.69409
5,  41.8154
5,  57.4308
5,  62.43
6, 0.256918
6,  0.956767
6,  51.5777
6,  0.813987
6,  0.536167
6,  9.76212
6,  25.578
6,  7.58856
6,  5.1398
6,  2.37309
6,  5.31361
6,  3.03214
6,  39.0858
6,  249.872
6,  0.514674
6,  49207.7
6,  621.087
6,  51.6354
6,  6.03663
6,  12.1594
6,  5.69409
6,  2.3476
6,  7.03729
6,  16.6333
6,  295.159
6,  8.51517
6,  28.3554
6,  8.96954
6,  0.449727
6,  0.19913
6,  5.62469
6,  5.7974
6,  79.3993
6,  14.9586
6,  182.33
6,  16.5013
6,  190.349
6,  1.02662
6,  1.24143
6,  5.29093
6,  27.7395
6,  8.26087
6,  19.2391
6,  23.3578
6,  6.53729
6,  41.8154
6,  9.40241
6,  27.2383
6,  54.8538
6,  57.4308
7, 0.256918
7,  0.956767
7,  51.5777
7,  9.76212
7,  25.578
7,  7.58856
7,  887.234
7,  5.1398
7,  0.536167
7,  12.1594
7,  5.31361
7,  3.03214
7,  20888.6
7,  621.087
7,  38.5601
7,  6.03663
7,  7.36063
7,  6.97611
7,  9.07629
7,  16.5013
7,  5.69409
7,  0.720315
7,  7.03729
7,  16.6333
7,  8.51517
7,  28.3554
7,  41.1948
7,  2.37309
7,  0.19913
7,  14.9586
7,  5.62469
7,  5.7974
7,  182.33
7,  190.349
7,  1.02662
7,  1.24143
7,  5.29093
7,  0.449727
7,  0.514674
7,  0.813987
7,  8.26087
7,  19.2391
7,  23.3578
7,  6.53729
7,  9.40241
7,  27.2383
7,  19.6468
7,  7.58571
7,  39.0858
7,  54.8538
8, 0.256918
8,  0.956767
8,  51.5777
8,  9.76212
8,  25.578
8,  12.1594
8,  8558.96
8,  1.02662
8,  1.42578
8,  14.9586
8,  5.31361
8,  3.03214
8,  6.03663
8,  0.723734
8,  6.97611
8,  9.07629
8,  16.5013
8,  15.5924
8,  16.6333
8,  4.93194
8,  0.720315
8,  0.919432
8,  8.51517
8,  2.37309
8,  0.19913
8,  89.1623
8,  0.635585
8,  0.536167
8,  0.400781
8,  0.813987
8,  5.62469
8,  5.69409
8,  182.33
8,  190.349
8,  1.24143
8,  0.514674
8,  519.121
8,  5.1398
8,  7.03729
8,  0.257689
8,  8.26087
8,  19.2391
8,  23.3578
8,  6.53729
8,  9.40241
8,  19.6468
8,  7.58571
8,  5.7974
8,  21.248
8,  38.5601
9, 0.256918
9,  0.956767
9,  4.44608
9,  25.578
9,  8558.96
9,  1.02662
9,  58.7041
9,  7.03729
9,  0.400781
9,  0.257689
9,  0.919432
9,  3.03214
9,  6.97611
9,  9.07629
9,  15.5924
9,  4.93194
9,  7.78408
9,  6.03663
9,  0.19913
9,  0.678453
9,  0.720315
9,  0.745529
9,  0.957606
9,  0.536167
9,  0.813987
9,  898.329
9,  0.815738
9,  0.635585
9,  5.1398
9,  0.723734
9,  0.981244
9,  5.69409
9,  190.349
9,  1.24143
9,  0.514674
9,  519.121
9,  14503.2
9,  1.79465
9,  2.37309
9,  1.42578
9,  8.26087
9,  6.53729
9,  9.40241
9,  7.58571
9,  5.7974
9,  5.91226
9,  5.62469
9,  5.31361
9,  8.51517
9,  12.1594
10, 0.256918
10,  0.720315
10,  25.578
10,  58.7041
10,  7.03729
10,  0.257689
10,  20524.6
10,  1.42578
10,  0.634814
10,  0.443105
10,  0.919432
10,  0.671648
10,  9.07629
10,  15.5924
10,  0.19913
10,  0.678453
10,  38402.4
10,  4.44608
10,  1.24143
10,  1.80012
10,  0.679814
10,  0.575428
10,  0.957606
10,  0.813987
10,  0.815738
10,  0.635585
10,  0.723734
10,  1.79465
10,  5.1398
10,  0.400781
10,  0.981244
10,  3.03214
10,  0.514674
10,  14503.2
10,  2.37309
10,  5105.49
10,  49580.9
10,  1.02662
10,  0.536167
10,  0.162756
10,  6.53729
10,  5.7974
10,  5.91226
10,  5.62469
10,  5.31361
10,  3.05772
10,  0.956767
10,  4.07803
10,  6.03663
10,  6.97611
11, 0.256918
11,  0.720315
11,  7.03729
11,  0.257689
11,  1.42578
11,  0.634814
11,  0.443105
11,  0.162756
11,  0.723734
11,  6.03663
11,  0.365131
11,  0.671648
11,  15.5924
11,  0.480843
11,  38402.4
11,  4.44608
11,  1.24143
11,  0.815738
11,  0.635585
11,  0.400781
11,  0.679814
11,  0.575428
11,  0.957606
11,  0.615542
11,  5.1398
11,  324.468
11,  17.6419
11,  2.37309
11,  3.09169
11,  0.19913
11,  0.981244
11,  3.03214
11,  0.514674
11,  5105.49
11,  1.02662
11,  0.536167
11,  3727.12
11,  1.80012
11,  0.813987
11,  6.97611
11,  6.53729
11,  5.7974
11,  5.91226
11,  5.62469
11,  5.31361
11,  3.05772
11,  0.956767
11,  4.07803
11,  9.07629
11,  13.5731
12, 0.256918
12,  0.720315
12,  0.443105
12,  0.162756
12,  6.03663
12,  91.4953
12,  187.685
12,  1.0332
12,  1.02662
12,  0.514674
12,  0.365131
12,  0.671648
12,  15.5924
12,  0.480843
12,  1.24143
12,  0.815738
12,  0.635585
12,  0.634814
12,  0.723734
12,  1.42578
12,  0.679814
12,  0.575428
12,  0.957606
12,  2.37309
12,  3.09169
12,  8483.33
12,  0.770169
12,  1.80012
12,  0.615542
12,  0.257689
12,  0.846798
12,  1.72348
12,  0.536167
12,  7.92939
12,  0.813987
12,  6.97611
12,  0.10847
12,  4.44608
12,  0.400781
12,  0.19913
12,  5.7974
12,  5.62469
12,  5.31361
12,  3.05772
12,  0.981244
12,  4.07803
12,  0.956767
12,  3.03214
12,  5.1398
12,  9.07629
13, 0.256918
13,  0.154438
13,  0.443105
13,  0.162756
13,  91.4953
13,  1.02662
13,  0.514674
13,  0.635585
13,  0.189114
13,  1.0332
13,  0.365131
13,  0.671648
13,  15.5924
13,  1.24143
13,  1.42578
13,  6006.75
13,  73.773
13,  0.480843
13,  0.957606
13,  0.615542
13,  0.679814
13,  0.575428
13,  2.37309
13,  3.09169
13,  8483.33
13,  0.770169
13,  0.257689
13,  0.723734
13,  0.19913
13,  0.815738
13,  0.720315
13,  0.981244
13,  0.536167
13,  7.92939
13,  6.97611
13,  0.10847
13,  0.400781
13,  0.634814
13,  0.813987
13,  1.80012
13,  5.62469
13,  5.31361
13,  3.05772
13,  1.72348
13,  4.07803
13,  0.956767
13,  3.03214
13,  0.846798
13,  4.44608
13,  4.72908
14, 0.256918
14,  0.154438
14,  0.443105
14,  91.4953
14,  1.02662
14,  0.189114
14,  1.0332
14,  0.536167
14,  0.10847
14,  0.723734
14,  0.123684
14,  0.391899
14,  15.5924
14,  1.42578
14,  0.480843
14,  6718.99
14,  2292.62
14,  0.813987
14,  0.635585
14,  0.649828
14,  0.679814
14,  0.575428
14,  2.37309
14,  3.09169
14,  0.770169
14,  0.257689
14,  577.28
14,  0.162756
14,  0.514674
14,  0.615542
14,  0.720315
14,  0.682457
14,  7.92939
14,  0.400781
14,  0.634814
14,  1.80012
14,  1.43379
14,  0.957606
14,  0.19913
14,  0.815738
14,  3.05772
14,  1.72348
14,  4.07803
14,  0.956767
14,  3.03214
14,  0.846798
14,  1.44047
14,  0.981244
14,  1.24143
14,  2.69881
15, 0.136048
15,  0.221564
15,  0.443105
15,  91.4953
15,  1.02662
15,  0.189114
15,  0.723734
15,  1.0332
15,  0.635585
15,  0.649828
15,  0.123684
15,  0.256918
15,  10.2233
15,  1.42578
15,  0.480843
15,  1958.51
15,  0.813987
15,  0.10847
15,  0.514674
15,  1.80012
15,  0.679814
15,  0.575428
15,  0.770169
15,  76.5768
15,  0.162756
15,  0.615542
15,  73.8493
15,  0.19913
15,  0.634814
15,  1.24143
15,  0.200296
15,  0.682457
15,  0.400781
15,  1.43379
15,  0.957606
15,  10.2436
15,  37367.5
15,  0.815738
15,  0.536167
15,  0.257689
15,  1.72348
15,  0.956767
15,  3.03214
15,  0.846798
15,  1.44047
15,  0.981244
15,  0.391899
15,  2.76825
15,  2.37309
15,  2.69881
16, 0.079936
16,  0.221564
16,  18.9692
16,  0.189114
16,  0.635585
16,  0.649828
16,  219.749
16,  1.34919
16,  0.813987
16,  0.514674
16,  0.123684
16,  0.256918
16,  10.2233
16,  1.42578
16,  0.480843
16,  0.10847
16,  136.832
16,  0.244303
16,  0.723734
16,  0.443105
16,  0.679814
16,  0.575428
16,  0.770169
16,  2.61042
16,  0.162756
16,  0.19913
16,  235.041
16,  1.24143
16,  0.634814
16,  1.02662
16,  0.200296
16,  0.251148
16,  1.43379
16,  0.957606
16,  0.815738
16,  0.536167
16,  0.257689
16,  0.615542
16,  0.400781
16,  1.0332
16,  1.72348
16,  0.956767
16,  0.846798
16,  1.44047
16,  0.981244
16,  0.391899
16,  1.40953
16,  0.682457
16,  1.80012
16,  2.37309
17, 0.079936
17,  0.221564
17,  18.9692
17,  0.189114
17,  0.649828
17,  1.34919
17,  5.88436
17,  0.615542
17,  0.536167
17,  0.257689
17,  0.118088
17,  0.00361438
17,  1.45723
17,  1.42578
17,  0.480843
17,  0.244303
17,  0.443105
17,  0.813987
17,  0.400781
17,  0.723734
17,  0.391899
17,  0.294405
17,  2.61042
17,  0.19913
17,  235.041
17,  0.634814
17,  4136.99
17,  0.770169
17,  0.162756
17,  0.514674
17,  0.200296
17,  0.251148
17,  1.43379
17,  0.957606
17,  0.815738
17,  1.0332
17,  288.209
17,  0.10847
17,  0.635585
17,  1.02662
17,  1.72348
17,  0.956767
17,  0.846798
17,  1.44047
17,  0.981244
17,  0.679814
17,  1.40953
17,  0.682457
17,  1.24143
17,  1.80012
18, 0.079936
18,  0.221564
18,  0.189114
18,  1.34919
18,  0.615542
18,  0.257689
18,  2886.16
18,  0.244303
18,  0.19913
18,  0.634814
18,  0.0292001
18,  0.00361438
18,  1.45723
18,  1.42578
18,  0.443105
18,  0.813987
18,  293.857
18,  0.723734
18,  0.00929459
18,  0.400781
18,  0.294405
18,  0.139947
18,  2.61042
18,  4057.19
18,  0.770169
18,  0.162756
18,  0.514674
18,  0.480843
18,  0.82916
18,  0.815738
18,  0.200296
18,  0.00668254
18,  1.43379
18,  0.957606
18,  1.0332
18,  0.635585
18,  1.02662
18,  0.10847
18,  0.536167
18,  0.649828
18,  0.956767
18,  0.535483
18,  0.981244
18,  0.679814
18,  0.118088
18,  0.682457
18,  0.391899
18,  0.251148
18,  1.24143
18,  1.80012
19, 0.079936
19,  0.109836
19,  0.189114
19,  0.244303
19,  0.19913
19,  0.108598
19,  3.36934
19,  0.957606
19,  0.634814
19,  0.536167
19,  0.0292001
19,  0.00361438
19,  1.45723
19,  0.443105
19,  0.813987
19,  0.723734
19,  133.97
19,  0.615542
19,  0.400781
19,  0.649828
19,  0.251148
19,  0.139947
19,  0.770169
19,  0.162756
19,  0.170848
19,  758.498
19,  21.1945
19,  0.480843
19,  0.82916
19,  0.257689
19,  0.200296
19,  0.00668254
19,  1.43379
19,  0.635585
19,  0.10847
19,  4336.13
19,  1042.45
19,  0.00929459
19,  1.02662
19,  0.514674
19,  0.956767
19,  0.535483
19,  0.679814
19,  0.118088
19,  0.682457
19,  0.391899
19,  0.264676
19,  0.221564
19,  1.0332
19,  1.24143
20, 0.079936
20,  0.00471123
20,  0.189114
20,  3.36934
20,  0.957606
20,  0.634814
20,  0.0014035
20,  0.00929459
20,  0.19913
20,  0.140147
20,  0.0292001
20,  0.00361438
20,  0.813987
20,  0.723734
20,  29.0197
20,  0.400781
20,  294.58
20,  0.480843
20,  0.770169
20,  0.615542
20,  0.251148
20,  0.139947
20,  0.162756
20,  0.170848
20,  758.498
20,  0.257689
20,  5557.59
20,  0.536167
20,  0.514674
20,  0.649828
20,  0.109836
20,  0.00668254
20,  1.43379
20,  0.635585
20,  1042.45
20,  1.02662
20,  4.9804
20,  0.10847
20,  0.108598
20,  0.443105
20,  0.535483
20,  0.679814
20,  0.200296
20,  0.682457
20,  0.391899
20,  0.264676
20,  0.221564
20,  0.118088
20,  0.82916
20,  1.0332
21, 0.079936
21,  0.00471123
21,  0.957606
21,  0.0014035
21,  0.00929459
21,  0.19913
21,  0.140147
21,  0.635585
21,  0.480843
21,  0.170848
21,  0.0292001
21,  0.00361438
21,  0.813987
21,  29.0197
21,  0.400781
21,  294.58
21,  0.770169
21,  0.257689
21,  0.615542
21,  0.232347
21,  0.118088
21,  0.139947
21,  0.162756
21,  147.735
21,  31.0911
21,  0.514674
21,  2263.71
21,  0.649828
21,  0.10847
21,  0.536167
21,  0.109836
21,  0.00668254
21,  494.339
21,  1.02662
21,  4.9804
21,  0.443105
21,  297.657
21,  0.634814
21,  0.108598
21,  0.189114
21,  0.535483
21,  0.679814
21,  0.251148
21,  0.391899
21,  0.264676
21,  0.221564
21,  0.200296
21,  0.118902
21,  0.723734
21,  0.82916
22, 0.079936
22,  0.00260144
22,  0.957606
22,  0.0014035
22,  0.00929459
22,  0.170848
22,  260.904
22,  0.140147
22,  0.635585
22,  0.480843
22,  0.0292001
22,  0.00361438
22,  0.813987
22,  29.0197
22,  294.58
22,  0.232347
22,  235.083
22,  0.108598
22,  0.514674
22,  0.257689
22,  0.118088
22,  0.139947
22,  0.162756
22,  147.735
22,  0.10847
22,  0.536167
22,  7.02523
22,  0.615542
22,  0.19913
22,  0.770169
22,  0.109836
22,  0.00668254
22,  4.9804
22,  0.443105
22,  0.634814
22,  0.189114
22,  34.3436
22,  0.400781
22,  0.723734
22,  0.649828
22,  0.535483
22,  0.679814
22,  0.251148
22,  0.391899
22,  0.264676
22,  0.221564
22,  0.200296
22,  0.118902
22,  0.82916
22,  1.02662
23, 0.079936
23,  0.00260144
23,  0.0014035
23,  0.170848
23,  260.904
23,  0.140147
23,  925.247
23,  0.232347
23,  0.770169
23,  0.480843
23,  0.0292001
23,  0.00361438
23,  294.58
23,  0.514674
23,  0.257689
23,  592.208
23,  587.498
23,  0.536167
23,  0.162756
23,  0.108598
23,  0.118088
23,  0.118902
23,  0.10847
23,  0.615542
23,  0.19913
23,  11.65
23,  1429.5
23,  0.00929459
23,  0.400781
23,  0.82916
23,  0.109836
23,  0.00668254
23,  0.443105
23,  0.634814
23,  0.189114
23,  34.3436
23,  0.723734
23,  0.649828
23,  0.813987
23,  0.635585
23,  0.535483
23,  0.679814
23,  0.251148
23,  0.391899
23,  0.264676
23,  0.221564
23,  0.200296
23,  0.139947
23,  0.957606
23,  1.02662
24, 0.079936
24,  0.00260144
24,  0.170848
24,  260.904
24,  925.247
24,  0.232347
24,  0.480843
24,  0.108598
24,  0.82916
24,  0.257689
24,  0.0292001
24,  0.00361438
24,  0.514674
24,  75.7226
24,  0.536167
24,  0.162756
24,  75.9093
24,  0.400781
24,  0.0014035
24,  0.00929459
24,  0.118088
24,  0.118902
24,  0.10847
24,  0.19913
24,  0.419904
24,  442.25
24,  149.001
24,  0.957606
24,  0.615542
24,  0.723734
24,  0.109836
24,  0.00668254
24,  0.443105
24,  0.189114
24,  0.649828
24,  0.813987
24,  0.635585
24,  0.634814
24,  0.770169
24,  0.140147
24,  0.535483
24,  0.679814
24,  0.251148
24,  0.391899
24,  0.264676
24,  0.221564
24,  0.200296
24,  0.139947
24,  1.02662
24,  10.7332
25, 0.079936
25,  0.00260144
25,  925.247
25,  0.232347
25,  0.480843
25,  0.82916
25,  764.993
25,  0.0014035
25,  0.140147
25,  0.536167
25,  0.0292001
25,  0.00361438
25,  0.514674
25,  0.162756
25,  0.00929459
25,  200.656
25,  36.834
25,  0.257689
25,  0.108598
25,  0.0738253
25,  0.117906
25,  0.0840012
25,  0.10847
25,  0.19913
25,  0.419904
25,  0.12371
25,  0.723734
25,  0.634814
25,  0.649828
25,  0.957606
25,  0.00668254
25,  0.0456861
25,  0.443105
25,  0.189114
25,  0.813987
25,  0.635585
25,  0.770169
25,  0.170848
25,  0.0964826
25,  0.400781
25,  0.251148
25,  0.391899
25,  0.264676
25,  0.221564
25,  0.200296
25,  0.139947
25,  0.118902
25,  0.0561229
25,  1.02662
25,  10.7332
26, 0.0292001
26,  0.00260144
26,  0.480843
26,  0.82916
26,  0.0014035
26,  0.536167
26,  6.28968
26,  0.162756
26,  0.289957
26,  0.189114
26,  0.00361438
26,  0.0204448
26,  0.00929459
26,  200.656
26,  0.108598
26,  0.0164654
26,  37.9537
26,  0.0273379
26,  0.170848
26,  0.140147
26,  0.0561229
26,  0.0840012
26,  0.12371
26,  0.723734
26,  0.634814
26,  0.649828
26,  116.654
26,  0.257689
26,  0.19913
26,  0.514674
26,  0.00668254
26,  0.0456861
26,  0.443105
26,  0.813987
26,  0.0964826
26,  0.400781
26,  1.44873
26,  0.232347
26,  0.419904
26,  0.10847
26,  0.251148
26,  0.221564
26,  0.200296
26,  0.139947
26,  0.118902
26,  0.117906
26,  0.079936
26,  0.20037
26,  0.770169
26,  0.957606
27, 0.0292001
27,  0.00260144
27,  0.536167
27,  6.28968
27,  0.289957
27,  0.189114
27,  383.025
27,  0.0014035
27,  0.0273379
27,  0.162756
27,  0.00361438
27,  0.0204448
27,  0.00929459
27,  200.656
27,  0.108598
27,  0.140147
27,  33327.2
27,  0.723734
27,  0.257689
27,  0.514674
27,  0.0561229
27,  0.079936
27,  0.12371
27,  0.634814
27,  0.649828
27,  116.654
27,  0.19913
27,  0.400781
27,  0.170848
27,  0.480843
27,  0.00668254
27,  0.0231746
27,  0.443105
27,  0.232347
27,  0.419904
27,  0.10847
27,  2054.11
27,  0.103199
27,  0.0964826
27,  0.0164654
27,  0.200296
27,  0.139947
27,  0.118902
27,  0.117906
27,  0.0840012
27,  0.20037
27,  0.0456861
27,  0.0905858
27,  0.770169
27,  0.813987
28, 0.0292001
28,  0.00260144
28,  0.536167
28,  0.289957
28,  0.189114
28,  383.025
28,  0.162756
28,  0.514674
28,  0.400781
28,  0.0273379
28,  0.00361438
28,  0.0204448
28,  200.656
28,  0.108598
28,  0.140147
28,  2513.01
28,  982.065
28,  0.170848
28,  0.0164654
28,  0.19913
28,  0.0456861
28,  0.079936
28,  0.634814
28,  0.649828
28,  116.654
28,  0.480843
28,  7.79099
28,  0.232347
28,  0.12371
28,  0.0014035
28,  0.00668254
28,  0.0231746
28,  0.443105
28,  0.419904
28,  0.10847
28,  0.103199
28,  0.0964826
28,  0.00929459
28,  0.723734
28,  0.257689
28,  0.200296
28,  0.139947
28,  0.118902
28,  0.117906
28,  0.0840012
28,  0.20037
28,  0.0561229
28,  0.0905858
28,  0.770169
28,  0.813987
29, 0.0292001
29,  0.00260144
29,  0.289957
29,  0.189114
29,  0.400781
29,  0.0273379
29,  6404.28
29,  0.443105
29,  0.514674
29,  0.536167
29,  0.00361438
29,  0.0204448
29,  200.656
29,  0.108598
29,  0.0164654
29,  0.19913
29,  1337.81
29,  0.140147
29,  0.182573
29,  0.0014035
29,  0.0456861
29,  0.0561229
29,  0.649828
29,  0.480843
29,  0.232347
29,  0.12371
29,  54.9903
29,  0.162756
29,  0.634814
29,  0.170848
29,  0.0019752
29,  0.0231746
29,  0.10847
29,  0.103199
29,  0.0964826
29,  0.257689
29,  545.501
29,  0.00929459
29,  0.723734
29,  0.419904
29,  0.200296
29,  0.139947
29,  0.118902
29,  0.117906
29,  0.0840012
29,  0.20037
29,  0.079936
29,  0.0905858
29,  0.770169
29,  0.813987
30, 0.0292001
30,  0.00260144
30,  0.289957
30,  0.189114
30,  0.0273379
30,  0.443105
30,  0.514674
30,  0.400781
30,  0.634814
30,  0.162756
30,  0.00361438
30,  0.0204448
30,  200.656
30,  0.0164654
30,  0.19913
30,  1337.81
30,  264.841
30,  0.257689
30,  0.0330214
30,  0.232347
30,  0.0456861
30,  0.0561229
30,  0.649828
30,  0.480843
30,  0.12371
30,  54.9903
30,  3443.46
30,  0.0014035
30,  0.170848
30,  0.140147
30,  0.0019752
30,  0.0231746
30,  0.10847
30,  0.103199
30,  0.00929459
30,  0.0523788
30,  0.419904
30,  0.536167
30,  0.0964826
30,  0.108598
30,  0.200296
30,  0.139947
30,  0.118902
30,  0.117906
30,  0.0840012
30,  0.20037
30,  0.079936
30,  0.0905858
30,  0.770169
30,  0.813987
31, 0.0292001
31,  0.00260144
31,  0.443105
31,  0.400781
31,  0.634814
31,  67.9905
31,  33.5735
31,  0.0964826
31,  0.232347
31,  0.0164654
31,  0.00361438
31,  0.0155586
31,  200.656
31,  0.19913
31,  1330.18
31,  127.096
31,  440.666
31,  0.480843
31,  0.0330214
31,  0.289957
31,  0.0456861
31,  0.0236154
31,  0.649828
31,  0.12371
31,  0.0014035
31,  0.170848
31,  0.140147
31,  0.189114
31,  0.00929459
31,  0.162756
31,  0.0019752
31,  0.0231746
31,  0.10847
31,  0.103199
31,  0.0523788
31,  0.419904
31,  0.108598
31,  0.514674
31,  0.257689
31,  0.0273379
31,  0.200296
31,  0.139947
31,  0.118902
31,  0.117906
31,  0.0840012
31,  0.20037
31,  0.079936
31,  0.0905858
31,  0.536167
31,  0.770169
32, 0.0292001
32,  0.00260144
32,  0.443105
32,  0.400781
32,  67.9905
32,  33.5735
32,  0.0164654
32,  0.289957
32,  0.140147
32,  0.10847
32,  0.00361438
32,  0.0155586
32,  0.19913
32,  127.096
32,  0.0330214
32,  1662.03
32,  1.68669
32,  0.189114
32,  0.257689
32,  0.12371
32,  0.00414502
32,  0.0119418
32,  0.649828
32,  0.0014035
32,  0.170848
32,  2202.78
32,  80.7496
32,  0.103199
32,  0.162756
32,  0.0964826
32,  0.0019752
32,  0.0231746
32,  0.0523788
32,  0.419904
32,  0.108598
32,  0.514674
32,  51.818
32,  0.0273379
32,  0.232347
32,  0.00929459
32,  0.200296
32,  0.139947
32,  0.118902
32,  0.117906
32,  0.0840012
32,  0.079936
32,  0.0905858
32,  0.0464568
32,  0.480843
32,  0.536167
33, 0.0292001
33,  0.00260144
33,  0.443105
33,  33.5735
33,  0.289957
33,  2836.35
33,  81013
33,  0.0014035
33,  0.12371
33,  0.108598
33,  0.00361438
33,  0.0155586
33,  273.786
33,  1.68669
33,  0.189114
33,  1539.58
33,  75.3
33,  0.0330214
33,  0.00929459
33,  0.170848
33,  0.00414502
33,  0.00676129
33,  0.649828
33,  0.162756
33,  0.0964826
33,  40.6909
33,  13.1298
33,  0.103199
33,  0.140147
33,  0.0164654
33,  0.0019752
33,  0.0231746
33,  0.0523788
33,  0.419904
33,  0.514674
33,  51.818
33,  0.232347
33,  0.0273379
33,  0.10847
33,  0.0301952
33,  0.200296
33,  0.139947
33,  0.118902
33,  0.117906
33,  0.0840012
33,  0.079936
33,  0.0905858
33,  0.0464568
33,  0.19913
33,  0.257689
34, 0.0292001
34,  0.00260144
34,  0.289957
34,  2224.26
34,  0.108598
34,  989.537
34,  382.953
34,  0.0523788
34,  0.12371
34,  0.0014035
34,  0.00361438
34,  0.0155586
34,  273.786
34,  1.68669
34,  0.0330214
34,  0.00929459
34,  84.577
34,  0.0164654
34,  0.189114
34,  0.124488
34,  0.00414502
34,  0.00676129
34,  0.162756
34,  0.103199
34,  0.140147
34,  0.0688852
34,  166.691
34,  0.19913
34,  0.257689
34,  0.10847
34,  0.0019752
34,  0.0231746
34,  0.514674
34,  0.0273379
34,  0.0301952
34,  1285.14
34,  0.868708
34,  0.232347
34,  0.164421
34,  0.0964826
34,  0.139947
34,  0.118902
34,  0.117906
34,  0.0840012
34,  0.079936
34,  0.0905858
34,  0.0464568
34,  0.170056
34,  0.419904
34,  0.443105
35, 0.0292001
35,  0.00260144
35,  0.289957
35,  0.108598
35,  989.537
35,  2072.18
35,  4047.09
35,  0.140147
35,  0.0964826
35,  0.162756
35,  0.00361438
35,  0.0155586
35,  1.68669
35,  0.0330214
35,  0.740736
35,  0.189114
35,  386.646
35,  0.124488
35,  0.419904
35,  0.19913
35,  0.00166119
35,  0.00676129
35,  0.103199
35,  0.0688852
35,  0.257689
35,  0.10847
35,  8.07873
35,  0.0164654
35,  0.12371
35,  0.0301952
35,  0.0019752
35,  0.0231746
35,  0.0273379
35,  1285.14
35,  0.232347
35,  0.164421
35,  170.965
35,  0.0523788
35,  0.0014035
35,  0.00929459
35,  0.139947
35,  0.118902
35,  0.117906
35,  0.0840012
35,  0.079936
35,  0.0905858
35,  0.0464568
35,  0.170056
35,  0.443105
35,  0.514674
36, 0.0292001
36,  0.00260144
36,  2072.18
36,  0.140147
36,  0.0964826
36,  0.162756
36,  231.279
36,  0.164421
36,  0.108598
36,  0.0523788
36,  0.00361438
36,  0.0155586
36,  0.740736
36,  101.766
36,  0.419904
36,  0.19913
36,  453.935
36,  0.257689
36,  0.289957
36,  0.189114
36,  0.00166119
36,  0.00676129
36,  0.103199
36,  0.10847
36,  0.12371
36,  0.0301952
36,  0.0626785
36,  0.0330214
36,  0.0688852
36,  0.124488
36,  0.0019752
36,  0.0231746
36,  0.0273379
36,  0.232347
36,  0.0014035
36,  0.00929459
36,  3.01597
36,  0.443105
36,  0.0164654
36,  0.514674
36,  0.139947
36,  0.118902
36,  0.117906
36,  0.0840012
36,  0.079936
36,  0.0905858
36,  0.0464568
36,  0.0613015
36,  1.68669
36,  3.02972
37, 0.0292001
37,  0.00260144
37,  0.140147
37,  0.162756
37,  0.164421
37,  785.768
37,  28.5937
37,  0.189114
37,  0.0523788
37,  0.103199
37,  0.00361438
37,  0.0155586
37,  0.19913
37,  0.269249
37,  0.289957
37,  9.47519
37,  610.991
37,  0.257689
37,  0.108598
37,  0.10847
37,  0.00166119
37,  0.00676129
37,  0.12371
37,  0.0301952
37,  0.0330214
37,  0.0688852
37,  41.3738
37,  0.124488
37,  0.0964826
37,  0.0626785
37,  0.0019752
37,  0.0231746
37,  0.0014035
37,  0.00929459
37,  0.0164654
37,  1494.38
37,  8.52299
37,  0.0273379
37,  0.232347
37,  0.419904
37,  0.139947
37,  0.118902
37,  0.117906
37,  0.0840012
37,  0.079936
37,  0.0905858
37,  0.0464568
37,  0.0613015
37,  0.443105
37,  0.514674
38, 0.0292001
38,  0.00260144
38,  0.140147
38,  0.162756
38,  785.768
38,  28.5937
38,  1518.4
38,  0.0330214
38,  0.103199
38,  0.189114
38,  0.00361438
38,  0.0155586
38,  0.19913
38,  0.288073
38,  9.47519
38,  610.991
38,  0.10847
38,  0.108598
38,  0.0523788
38,  0.257689
38,  0.00166119
38,  0.00676129
38,  0.0301952
38,  0.0688852
38,  0.124488
38,  0.0964826
38,  0.0626785
38,  0.419904
38,  0.12371
38,  0.164421
38,  0.0019752
38,  0.0231746
38,  0.0014035
38,  0.00929459
38,  0.0164654
38,  1494.38
38,  523.143
38,  0.269249
38,  0.232347
38,  0.0273379
38,  0.139947
38,  0.118902
38,  0.117906
38,  0.0840012
38,  0.079936
38,  0.0905858
38,  0.0464568
38,  0.0613015
38,  0.443105
38,  0.514674
39, 0.0292001
39,  0.00260144
39,  28.5937
39,  13.6536
39,  0.0330214
39,  0.189114
39,  6.29608
39,  0.0014035
39,  0.124488
39,  0.140147
39,  0.00361438
39,  0.0155586
39,  0.288073
39,  0.108598
39,  0.257689
39,  3551.29
39,  261.42
39,  0.162756
39,  0.00929459
39,  0.0273379
39,  0.00166119
39,  0.00676129
39,  0.0626785
39,  0.419904
39,  0.12371
39,  0.164421
39,  44.9328
39,  0.0688852
39,  0.103199
39,  0.10847
39,  0.0019752
39,  0.0231746
39,  0.0164654
39,  0.269249
39,  0.232347
39,  161.063
39,  469.567
39,  0.0301952
39,  0.0523788
39,  0.0964826
39,  0.139947
39,  0.118902
39,  0.117906
39,  0.0840012
39,  0.079936
39,  0.0905858
39,  0.0464568
39,  0.0613015
39,  0.19913
39,  0.443105
40, 0.0292001
40,  0.00260144
40,  0.189114
40,  6.29608
40,  0.124488
40,  0.140147
40,  2853.89
40,  0.00929459
40,  0.257689
40,  0.0014035
40,  0.00361438
40,  0.0155586
40,  0.288073
40,  0.108598
40,  3551.29
40,  261.42
40,  0.0273379
40,  0.0523788
40,  0.19913
40,  0.10847
40,  0.00166119
40,  0.00676129
40,  0.164421
40,  44.9328
40,  0.103199
40,  120.912
40,  136.746
40,  0.0330214
40,  0.12371
40,  0.162756
40,  0.0019752
40,  0.0231746
40,  0.0164654
40,  0.269249
40,  0.232347
40,  0.0301952
40,  965.398
40,  0.0626785
40,  0.0964826
40,  0.0688852
40,  0.139947
40,  0.118902
40,  0.117906
40,  0.0840012
40,  0.079936
40,  0.0905858
40,  0.0464568
40,  0.0613015
40,  0.419904
40,  0.443105
41, 0.0292001
41,  0.00260144
41,  6.29608
41,  0.124488
41,  0.00929459
41,  0.0014035
41,  436.562
41,  0.10847
41,  0.269249
41,  0.0523788
41,  0.00361438
41,  0.0155586
41,  3255.18
41,  0.0273379
41,  0.19913
41,  1402.16
41,  308.836
41,  0.257689
41,  0.189114
41,  0.0626785
41,  0.00166119
41,  0.00676129
41,  0.103199
41,  136.746
41,  0.0330214
41,  0.12371
41,  0.0817733
41,  0.164421
41,  0.0301952
41,  0.140147
41,  0.0019752
41,  0.0153605
41,  0.0164654
41,  0.232347
41,  0.0964826
41,  0.0688852
41,  2638.53
41,  0.288073
41,  0.162756
41,  0.0341941
41,  0.139947
41,  0.118902
41,  0.117906
41,  0.0840012
41,  0.079936
41,  0.0905858
41,  0.0464568
41,  0.0613015
41,  0.419904
41,  0.443105
42, 0.0292001
42,  0.00260144
42,  0.124488
42,  436.562
42,  0.269249
42,  0.0523788
42,  33.0061
42,  0.162756
42,  0.103199
42,  0.0964826
42,  0.00361438
42,  0.00953107
42,  3255.18
42,  0.0273379
42,  308.836
42,  0.257689
42,  0.0626785
42,  0.164421
42,  0.10847
42,  0.0796511
42,  0.00166119
42,  0.00676129
42,  136.746
42,  0.12371
42,  0.0817733
42,  0.140147
42,  50.7012
42,  0.0301952
42,  0.0014035
42,  0.0688852
42,  0.0019752
42,  0.0153605
42,  0.0164654
42,  0.232347
42,  2638.53
42,  0.0341941
42,  2950.22
42,  0.0330214
42,  0.189114
42,  0.00929459
42,  0.118902
42,  0.117906
42,  0.0840012
42,  0.079936
42,  0.0905858
42,  0.0464568
42,  0.0613015
42,  0.0634097
42,  0.19913
42,  0.288073
43, 0.0213005
43,  0.00260144
43,  0.269249
43,  33.0061
43,  0.103199
43,  0.0964826
43,  2313.35
43,  0.10847
43,  0.124488
43,  0.0341941
43,  0.00361438
43,  0.00953107
43,  3255.18
43,  0.0273379
43,  308.836
43,  0.257689
43,  678.875
43,  0.162756
43,  0.140147
43,  0.0626785
43,  0.00166119
43,  0.00676129
43,  0.12371
43,  0.0817733
43,  0.0301952
43,  0.0014035
43,  0.0688852
43,  0.189114
43,  0.0523788
43,  0.0796511
43,  0.0019752
43,  0.0153605
43,  0.0164654
43,  0.232347
43,  2950.22
43,  0.0330214
43,  0.00929459
43,  0.19913
43,  0.164421
43,  0.288073
43,  0.118902
43,  0.117906
43,  0.0840012
43,  0.079936
43,  0.0905858
43,  0.0464568
43,  0.0613015
43,  0.0634097
43,  4.86207
43,  35.1243
44, 0.0213005
44,  0.00260144
44,  0.269249
44,  33.0061
44,  0.103199
44,  0.0341941
44,  2317.29
44,  0.140147
44,  0.10847
44,  0.0688852
44,  0.00361438
44,  0.00953107
44,  0.0273379
44,  308.836
44,  678.875
44,  0.0626785
44,  19.4131
44,  0.0330214
44,  0.257689
44,  0.12371
44,  0.00166119
44,  0.00637295
44,  0.0301952
44,  0.189114
44,  0.0523788
44,  0.0796511
44,  917.488
44,  0.124488
44,  0.162756
44,  0.0817733
44,  0.0019752
44,  0.0153605
44,  0.0164654
44,  0.232347
44,  0.00929459
44,  0.19913
44,  0.164421
44,  0.0964826
44,  0.0256933
44,  0.0014035
44,  0.117906
44,  0.0840012
44,  0.079936
44,  0.0905858
44,  0.0464568
44,  0.0613015
44,  0.0634097
44,  0.0253439
44,  0.288073
44,  4.53376
45, 0.0213005
45,  0.00260144
45,  0.103199
45,  0.0341941
45,  0.140147
45,  0.10847
45,  5411.11
45,  0.19913
45,  0.189114
45,  0.0688852
45,  0.00361438
45,  0.00953107
45,  0.0273379
45,  19.4131
45,  0.0330214
45,  0.257689
45,  13211.8
45,  0.0626785
45,  0.0796511
45,  0.269249
45,  0.00166119
45,  0.00637295
45,  0.0301952
45,  0.0523788
45,  917.488
45,  0.162756
45,  671.206
45,  0.124488
45,  0.232347
45,  0.0014035
45,  0.0019752
45,  0.0153605
45,  0.0164654
45,  0.00929459
45,  0.0964826
45,  0.0256933
45,  0.000475779
45,  0.0817733
45,  0.0171461
45,  0.12371
45,  0.117906
45,  0.0840012
45,  0.079936
45,  0.0905858
45,  0.0464568
45,  0.0613015
45,  0.0634097
45,  0.0253439
45,  0.288073
45,  0.374968
46, 0.0213005
46,  0.00260144
46,  0.10847
46,  0.19913
46,  0.189114
46,  0.0688852
46,  1231.27
46,  0.0014035
46,  0.0330214
46,  0.0964826
46,  0.00361438
46,  0.00953107
46,  0.0273379
46,  0.257689
46,  13211.8
46,  0.269249
46,  344.213
46,  0.0341941
46,  0.0523788
46,  0.103199
46,  0.00166119
46,  0.00637295
46,  0.162756
46,  671.206
46,  0.124488
46,  11402
46,  60.0936
46,  0.0301952
46,  0.000475779
46,  0.0796511
46,  0.0019752
46,  0.0153605
46,  0.00929459
46,  0.0256933
46,  0.0817733
46,  0.0171461
46,  0.12371
46,  0.0626785
46,  0.140147
46,  0.0164654
46,  0.117906
46,  0.0840012
46,  0.079936
46,  0.0905858
46,  0.0464568
46,  0.0613015
46,  0.0634097
46,  0.0253439
46,  0.232347
46,  0.288073
47, 0.015908
47,  0.00260144
47,  0.189114
47,  258.006
47,  0.0014035
47,  0.0330214
47,  46.6568
47,  0.103199
47,  0.10847
47,  0.0626785
47,  0.00361438
47,  0.00953107
47,  0.0273379
47,  0.257689
47,  13211.8
47,  344.213
47,  23.0257
47,  0.00929459
47,  0.0171461
47,  0.0688852
47,  0.00166119
47,  0.00637295
47,  0.162756
47,  60.0936
47,  0.000475779
47,  0.0796511
47,  1319.31
47,  0.0964826
47,  0.0341941
47,  0.124488
47,  0.0019752
47,  0.0152448
47,  0.0256933
47,  0.0817733
47,  0.12371
47,  0.0164654
47,  61.87
47,  0.0323152
47,  0.0523788
47,  0.0301952
47,  0.0840012
47,  0.079936
47,  0.0905858
47,  0.0464568
47,  0.0613015
47,  0.0634097
47,  0.0253439
47,  0.0198177
47,  0.140147
47,  0.19913
48, 0.015908
48,  0.00260144
48,  258.006
48,  0.0014035
48,  0.103199
48,  0.10847
48,  0.0626785
48,  0.124488
48,  0.122757
48,  0.19913
48,  0.00361438
48,  0.00915752
48,  0.0273379
48,  0.257689
48,  23.0257
48,  0.00929459
48,  0.0171461
48,  0.140147
48,  0.0301952
48,  0.0341941
48,  0.00166119
48,  0.00637295
48,  0.162756
48,  0.000475779
48,  0.0796511
48,  0.0964826
48,  75.5707
48,  0.0164654
48,  0.0330214
48,  0.0422423
48,  0.0019752
48,  0.0152448
48,  0.0256933
48,  0.0817733
48,  0.12371
48,  0.0323152
48,  0.0523788
48,  0.0688852
48,  0.189114
48,  3.14756
48,  0.0840012
48,  0.079936
48,  0.0905858
48,  0.0464568
48,  0.0613015
48,  0.0634097
48,  0.0253439
48,  0.0198177
48,  25.4526
48,  33.9818
49, 0.015908
49,  0.00260144
49,  258.006
49,  0.0014035
49,  0.124488
49,  0.19913
49,  219.528
49,  0.0341941
49,  0.0964826
49,  0.122757
49,  0.00361438
49,  0.00915752
49,  0.0273379
49,  0.257689
49,  23.0257
49,  0.00929459
49,  0.0301952
49,  0.0422423
49,  0.0626785
49,  0.0164654
49,  0.00166119
49,  0.00637295
49,  0.162756
49,  0.000475779
49,  0.0796511
49,  0.0330214
49,  74.9301
49,  0.12371
49,  0.10847
49,  0.0171461
49,  0.0019752
49,  0.0152448
49,  0.0817733
49,  0.0523788
49,  0.0688852
49,  0.189114
49,  2564.13
49,  0.103199
49,  0.0256933
49,  0.0323152
49,  0.0840012
49,  0.079936
49,  0.0905858
49,  0.0464568
49,  0.0613015
49,  0.0634097
49,  0.0253439
49,  0.0198177
49,  0.140147
49,  3.14756
50, 0.015908
50,  0.00260144
50,  7.8757
50,  0.0818415
50,  0.0341941
50,  0.0964826
50,  0.122757
50,  0.0688852
50,  0.0626785
50,  0.0273379
50,  0.00361438
50,  0.00915752
50,  23.0257
50,  0.0301952
50,  0.0164654
50,  197.25
50,  8066.78
50,  0.0796511
50,  0.124488
50,  0.140147
50,  0.00147957
50,  0.00109218
50,  0.162756
50,  0.0330214
50,  74.9301
50,  0.12371
50,  0.0171461
50,  0.000475779
50,  0.0422423
50,  0.00929459
50,  0.0019752
50,  0.0118896
50,  0.0817733
50,  0.0523788
50,  0.0256933
50,  0.0323152
50,  794.939
50,  0.103199
50,  0.10847
50,  0.0014035
50,  0.0840012
50,  0.079936
50,  0.0905858
50,  0.0464568
50,  0.0613015
50,  0.0634097
50,  0.0253439
50,  0.0198177
50,  0.189114
50,  0.257689
